package,funcion_cpl,file_cpl,instability,clase_cpl
@next/swc-linux-arm64-gnu,0,0,0,0
@cloudflare/workerd-linux-64,0,0,0,0
@next/swc-linux-x64-gnu,0,0,0,0
@next/swc-linux-arm64-musl,0,0,0,0
@next/swc-linux-x64-musl,0,0,0,0
@next/swc-darwin-arm64,0,0,0,0
@next/swc-win32-x64-msvc,0,0,0,0
@next/swc-darwin-x64,0,0,0,0
app-builder-bin,0,0,0,0
@pnpm/linux-x64,0,0,0,0
@temporalio/core-bridge,0,0,4.6667000000000005,0
opencode-linux-x64-baseline-musl,0,0,0,0
opencode-linux-x64-musl,0,0,0,0
@bufbuild/buf-linux-x64,0,0,0,0
@zed-industries/codex-acp-linux-x64,0,0,0,0
opencode-linux-x64-baseline,0,0,0,0
opencode-linux-x64,0,0,0,0
@anthropic-ai/claude-code-linux-x64,0,0,0,0
onnxruntime-node,0,0,5.5,0
@fluentui/react-icons,0,0,8151.3249,0
@lancedb/lancedb-linux-x64-gnu,0,0,0,0
@cloudflare/workerd-linux-arm64,0,0,0,0
@anthropic-ai/claude-code-darwin-arm64,0,0,0,0
flow-bin,0,0,1.5,0
@tensorflow/tfjs,0,0,11.916699999999999,0
@github/copilot-linux-x64,0,0,0,0
@anthropic-ai/claude-code-win32-x64,0,0,0,0
opencode-windows-x64,0,0,0,0
opencode-windows-x64-baseline,0,0,0,0
@lancedb/lancedb-win32-x64-msvc,0,0,0,0
@duckdb/duckdb-wasm,0,0,0,0
@node-llama-cpp/linux-x64-cuda,0,0,0,0
@anthropic-ai/claude-code-linux-x64-musl,0,0,0,0
@bufbuild/buf-linux-aarch64,0,0,0,0
node-linux-x64,0,0,0,0
@iconify/json,0,0,0,0
@cdktf/node-pty-prebuilt-multiarch,0,0,17.416599999999995,0
@next/swc-freebsd-x64,0,0,0,0
@pdftron/webviewer,0,0,1,0
@oven/bun-windows-x64,0,0,0,0
@oven/bun-windows-x64-baseline,0,0,0,0
ffprobe-static,0,0,1,0
@node-llama-cpp/linux-x64-cuda-ext,0,0,0,0
@highcharts/map-collection,0,0,0,0
@lancedb/lancedb-linux-x64-musl,0,0,0,0
@evilmartians/lefthook,0,0,2,0
@github/copilot-language-server,0,0,3,0
@lancedb/lancedb-linux-arm64-gnu,0,0,0,0
@progress/kendo-angular-intl,0,0,0,0
@ibm/plex,0,0,0,0
@eth-optimism/contracts-bedrock,0,0,0,0
react-native-skia-android,0,0,0,0
react-native-skia-apple-ios,0,0,0,0
@trufflesuite/uws-js-unofficial,0,0,7.666699999999999,0
react-native-skia-apple-tvos,0,0,0,0
@bufbuild/buf-darwin-arm64,0,0,0,0
@zed-industries/codex-acp-win32-x64,0,0,0,0
@zed-industries/codex-acp-linux-arm64,0,0,0,0
@anthropic-ai/claude-code-linux-arm64,0,0,0,0
git-cz,0,0,1.5,0
@bufbuild/buf-win32-x64,0,0,0,0
opencode-linux-arm64,0,0,0,0
@kilocode/cli-linux-x64-baseline-musl,0,0,0,0
@zed-industries/codex-acp-darwin-arm64,0,0,0,0
devicon,0,0,0,0
@kilocode/cli-linux-x64,0,0,0,0
opencode-linux-arm64-musl,0,0,0,0
@node-llama-cpp/win-x64-cuda,0,0,0,0
@kilocode/cli-linux-x64-musl,0,0,0,0
@bufbuild/buf-darwin-x64,0,0,0,0
@bufbuild/buf-win32-arm64,0,0,0,0
@kilocode/cli-linux-x64-baseline,0,0,0,0
fast-geoip,0,0,1,0
@lancedb/lancedb-win32-arm64-msvc,0,0,0,0
@cdktf/provider-datadog,0,0,33.528999999999996,0
@node-llama-cpp/win-x64-cuda-ext,0,0,0,0
@cdxgen/cdxgen-plugins-bin-linux-amd64,0,0,0,0
minecraft-data,0,0,21.1286,0
pspdfkit,0,0,2,0
@github/copilot-darwin-arm64,0,0,0,0
@op-engineering/op-sqlite,0,0,8.5,0
@syncfusion/ej2,0,0,2.9804,0
oh-my-opencode-windows-x64,0,0,0,0
oh-my-opencode-windows-x64-baseline,0,0,0,0
@cdktf/provider-kubernetes,0,0,55.33280000000001,0
@azure/mcp-linux-x64,0,0,1,0
oh-my-openagent-linux-x64,0,0,0,0
@neo4j-cypher/language-support,0,0,37.5577,0
opencode-windows-arm64,0,0,0,0
realm,0,0,109.47189999999995,0
oh-my-openagent-windows-x64,0,0,0,0
oh-my-openagent-windows-x64-baseline,0,0,0,0
@anthropic-ai/claude-code-darwin-x64,0,0,0,0
cldr,0,0,41.616299999999995,0
@pnpm/linux-arm64,0,0,0,0
google-closure-compiler-osx,0,0,0,0
oh-my-opencode-linux-x64,0,0,0,0
@shabados/database,0,0,3.1667,0
@tabler/icons-webfont,0,0,0,0
@deno/linux-x64-glibc,0,0,0,0
@aztec/bb.js,0,0,119.13230000000001,0
@cdktf/provider-azurerm,0,0,2,0
@imgly/background-removal-node,0,0,0,0
@bitgo-forks/cryptocurrency-icons,0,0,1,0
@github/copilot-linux-arm64,0,0,0,0
botframework-webchat,0,0,106.96659999999996,0
@lenml/tokenizer-gemma3,0,0,1.6667,0
@cyclonedx/cdxgen-plugins-bin-linux-amd64,0,0,0,0
@restatedev/restate-server-linux-x64,0,0,0,0
@restatedev/restate-linux-x64,0,0,0,0
dwt,0,0,0,0
@buildonspark/spark-sdk,0,0,22.0542,0
@atlaspack/rust,0,0,1,0
@wppconnect/wa-version,0,0,6.7001,0
@xmtp/node-bindings,0,0,1,0
@livestore/common-cf,0,0,14.5,0
aerospike,0,0,127.84669999999998,0
openapi-directory,0,0,3,0
gdal-async,0,0,106.35170000000001,0
@pnpm/macos-arm64,0,0,0,0
electron-apps,0,0,15.75,0
@aztec/l1-artifacts,0,0,0,0
rocksdb-native,0,0,3.9000000000000004,0
@mchp-mcc/pic-16bit,0,0,0,0
@elasticprojects/abstract-cli,0,0,1,0
@codemod.com/cli-linux-x64-gnu,0,0,0,0
@central-icons-react/all,0,0,1,0
nw-gyp,0,0,7.75,0
@matbee/libreoffice-converter,0,0,1,0
react-fluentui-emoji,0,0,2.9991000000000003,0
iso3166-2-db,0,0,6.6499999999999995,0
@antimatterhq/antimatter,0,0,22.18559999999999,0
@factory/cli-linux-x64,0,0,0,0
@gitbook/fontawesome-pro,0,0,0,0
doc999tor-fast-geoip,0,0,1,0
@factory/cli-linux-x64-baseline,0,0,0,0
@github/copilot-darwin-x64,0,0,0,0
gm-kilo,0,0,0,0
stockfish,0,0,2,0
node-bin-darwin-arm64,0,0,0,0
@zed-industries/codex-acp-darwin-x64,0,0,0,0
@microsoft/workiq,0,0,1,0
react-native-signature-capture,0,0,2,0
gm-codex,0,0,5.6667,0
prismarine-viewer,0,0,14.9881,0
@kilocode/cli-windows-x64,0,0,0,0
@kilocode/cli-windows-x64-baseline,0,0,0,0
@rivetkit/engine-cli-darwin-x64,0,0,0,0
gm-cc,0,0,0,0
gm-qwen,0,0,5.6667,0
@expo/swiftlint,0,0,0,0
@rivetkit/engine-cli-darwin-arm64,0,0,0,0
go-ios,0,0,0,0
@rivetkit/engine-cli-linux-x64-musl,0,0,0,0
@mchp-mcc/pic-8bit,0,0,0,0
kuzu,0,0,11.916499999999997,0
@rivetkit/engine-cli-linux-arm64-musl,0,0,0,0
@anthropic-ai/claude-code-linux-arm64-musl,0,0,0,0
@faststore/core,0,0,96.85130000000001,0
node-darwin-x64,0,0,0,0
prismarine-web-client,0,0,8,0
cycletls,0,0,0,0
teradatasql,0,0,5.6286000000000005,0
@anthropic-ai/claude-code-win32-arm64,0,0,0,0
@turbo/gen-windows-64,0,0,0,0
@material-symbols-svg/react-rounded,0,0,7597,0
@carbon/icons-angular,0,0,0,0
@layerzerolabs/lz-evm-sdk-v2,0,0,0,0
@bentley/imodeljs-win32-x64,0,0,0,0
bs-platform,0,0,155.6163,0
jqwidgets-scripts-custom,0,0,1482,0
ctt-babylon,0,0,0,0
@dcl/explorer,0,0,0,0
@snyk/vervet,0,0,0,0
happy,0,0,9.1704,0
coveo-search-ui,0,0,308.8429000000008,0
node-linux-arm64,0,0,0,0
@oh-my-pi/pi-natives,0,0,1.6667,0
@sigmashake/ssg-win32-x64,0,0,0,0
@ip-location-db/geolite2-city,0,0,0,0
emoji-assets,0,0,0,0
china-division,0,0,3.1667,0
nswag-portable,0,0,0,0
genshin-db,0,0,2.9643,0
@bentley/imodeljs-linux-x64,0,0,0,0
@vscode/openssl-prebuilt,0,0,0,0
@kilocode/cli-darwin-arm64,0,0,0,0
ax-code-linux-x64,0,0,0,0
@signalapp/libsignal-client,0,0,131.0418,0
@cubic-dev-ai/cli-linux-x64,0,0,0,0
@cubic-dev-ai/cli-linux-x64-baseline,0,0,0,0
@cubic-dev-ai/cli-linux-x64-baseline-musl,0,0,0,0
@eusoumarlon/wa-version,0,0,6.7001,0
@layerzerolabs/lz-evm-sdk-v1,0,0,0,0
@cubic-dev-ai/cli-linux-x64-musl,0,0,0,0
react-native-filament,0,0,108.59289999999999,0
ax-code-windows-x64,0,0,0,0
claudio-cli-win-x64,0,0,0,0
@f5xc-salesdemos/pi-natives-linux-x64-gnu,0,0,0,0
@omega-edit/server,0,0,0,0
ax-code-linux-x64-baseline-musl,0,0,0,0
ax-code-linux-x64-musl,0,0,0,0
ax-code-linux-x64-baseline,0,0,0,0
react-native-barcode-builder,0,0,2,0
@kmmao/happy-coder,0,0,12.9144,0
@cyclonedx/cdxgen-plugins-bin-linuxmusl-amd64,0,0,0,0
ax-code-linux-arm64-musl,0,0,0,0
pokeapi-sprites,0,0,0,0
@nativescript/android,0,0,0,0
@f5xc-salesdemos/pi-natives,0,0,1,0
ax-code-linux-arm64,0,0,0,0
@agenshield/cli-darwin-arm64,0,0,0,0
@onomy/jsi-rn-wallet-core,0,0,0,0
@f5xc-salesdemos/pi-natives-win32-x64-msvc,0,0,0,0
ax-code-windows-arm64,0,0,0,0
@vladmandic/human-models,0,0,0,0
@toolbox-sdk/server-darwin-arm64,0,0,0,0
@syncfusion/blazor-themes,0,0,0,0
react-native-user-identity,0,0,0,0
geojson-places,0,0,3.5,0
@f5xc-salesdemos/pi-natives-darwin-x64,0,0,0,0
@nativescript/ios,0,0,0,0
hopcoderx-linux-x64,0,0,0,0
geoip-lite2,0,0,2.75,0
happy-coder,0,0,9.1704,0
@nutrient-sdk/node,0,0,1,0
hopcoderx-linux-x64-musl,0,0,0,0
hopcoderx-linux-x64-baseline-musl,0,0,0,0
@embedded-postgres/darwin-x64,0,0,0,0
@digabi/exam-engine-exams,0,0,0,0
@chrryai/waffles,0,0,25.0331,0
hopcoderx-linux-x64-baseline,0,0,0,0
react-native-wgpu,0,0,14.8571,0
slopcode-bin-linux-arm64-musl,0,0,0,0
bare-ffmpeg,0,0,16.207,0
hopcoderx-windows-x64-baseline,0,0,0,0
hopcoderx-windows-x64,0,0,0,0
@realtimex/node-llama-cpp-linux-x64-cuda,0,0,0,0
hopcoderx-linux-arm64-musl,0,0,0,0
@material-symbols-svg/react,0,0,8152.0002,0
@realtimex/node-llama-cpp-win-x64-cuda,0,0,0,0
@finbourne/lusid-sdk-angular18,0,0,0,0
hopcoderx-linux-arm64,0,0,0,0
britecharts,0,0,12.6341,0
@kolbo/kolbo-code-linux-x64,0,0,0,0
slopcode-bin-linux-x64-baseline-musl,0,0,0,0
slopcode-bin-linux-x64-musl,0,0,0,0
slopcode-bin-linux-x64,0,0,0,0
@htmlbricks/hb-player-input-streaming,0,0,0,0
slopcode-bin-linux-x64-baseline,0,0,0,0
ffmpeg-static-electron,0,0,1,0
@qvac/onnx,0,0,0,0
@htmlbricks/hb-player-live,0,0,0,0
aspose.cells.node.linux.x64,0,0,0,0
name-suggestion-index,0,0,7.1667000000000005,0
@kolbo/kolbo-code-linux-x64-musl,0,0,0,0
@kolbo/kolbo-code-linux-x64-baseline,0,0,0,0
@kolbo/kolbo-code-windows-arm64,0,0,0,0
@kolbo/kolbo-code-windows-x64-baseline,0,0,0,0
@kolbo/kolbo-code-linux-x64-baseline-musl,0,0,0,0
hermes-engine-cli,0,0,0,0
@oicl/openbridge-webcomponents,0,0,1023.1373000000157,0
@kolbo/kolbo-code-linux-arm64,0,0,0,0
slopcode-bin-darwin-x64-baseline,0,0,0,0
slopcode-bin-linux-arm64,0,0,0,0
@kolbo/kolbo-code-windows-x64,0,0,0,0
slopcode-bin-darwin-arm64,0,0,0,0
@kolbo/kolbo-code-darwin-arm64,0,0,0,0
slopcode-bin-windows-x64,0,0,0,0
@ensdomains/ens-contracts,0,0,76.30649999999999,0
slopcode-bin-darwin-x64,0,0,0,0
@lunapaint/tga-codec,0,0,16.6667,0
@deno/win32-x64,0,0,0,0
slopcode-bin-windows-x64-baseline,0,0,0,0
@toolbox-sdk/server-win32-x64,0,0,0,0
@minecraft/creator-tools,0,0,909.6574999999999,0
@ketryx/cli-linux-x64,0,0,0,0
@kolbo/kolbo-code-darwin-x64-baseline,0,0,0,0
@kolbo/kolbo-code-darwin-x64,0,0,0,0
@clerk/cli-win32-x64,0,0,0,0
@kolbo/kolbo-code-linux-arm64-musl,0,0,0,0
@postman/pm-bin-linux-x64,0,0,216.92540000000017,0
tree-sitter-ocaml,0,0,3.5,0
all-the-package-repos,0,0,0,0
@cdxgen/cdxgen-plugins-bin-windows-amd64,0,0,0,0
@lifeaitools/clauth,0,0,5.55,0
@cdxgen/cdxgen-plugins-bin-darwin-arm64,0,0,0,0
heraldvox-cli,0,0,12.1205,0
@superdoc-dev/cli-windows-x64,0,0,0,0
yongruizhang-blogimg,0,0,0,0
fixparser,0,0,0,0
pretendard-gov,0,0,0,0
@screenpipe/cli-darwin-arm64,0,0,0,0
@venusprotocol/venus-protocol,0,0,892.813699999999,0
bebop-tools,0,0,1,0
@freeclaude/cli,0,0,1,0
@appthreat/cdxgen-plugins-bin,0,0,0,0
react-native-bare-kit,0,0,1,0
@wix/auto_sdk_forms_forms,0,0,4,0
@superdoc-dev/sdk-windows-x64,0,0,0,0
agentwebai,0,0,6.0404,0
@twsxtd/hapi-linux-x64,0,0,0,0
@stdlib/datasets,0,0,126.5034,0
@lavilas/codex-linux-x64,0,0,0,0
@bentley/imodeljs-darwin-x64,0,0,0,0
nosearch-react-component,0,0,19.8333,0
@uma/core,0,0,2,0
@mmmbuto/codex-cli-termux,0,0,0,0
@sassoftware/va-report-components,0,0,0,0
@libphp/amazon-linux-2-v83,0,0,1,0
@bossmode/cli,0,0,18.079900000000002,0
@cdktf/aws-cdk,0,0,81.80850000000001,0
@pnpm/macos-x64,0,0,0,0
nodejs-polars-win32-x64-msvc,0,0,0,0
mongo-unit,0,0,0,0
all-the-public-replicate-models,0,0,1,0
@toolbox-sdk/server-linux-x64,0,0,0,0
@joystick.js/node-canary,0,0,242.80990000000023,0
@oomol-lab/oo-cli-win32-arm64,0,0,0,0
cojson-core-rn,0,0,2.5,0
@adaptic/backend-legacy,0,0,4503.471000000071,0
@layerzerolabs/protocol-starknet-v2,0,0,21.5953,0
hbuilderx-plugin-launcher,0,0,0,0
@lenml/tokenizer-gemini,0,0,1.6667,0
@oomol-lab/oo-cli-win32-x64,0,0,0,0
@kilocode/cli-linux-arm64-musl,0,0,0,0
@libphp/almalinux-9-v85,0,0,1,0
@imgly/background-removal-data,0,0,0,0
@socialgouv/kali-data,0,0,15.9619,0
@surrealdb/node,0,0,0,0
pretendard-jp,0,0,0,0
@venusprotocol/isolated-pools,0,0,20.316899999999997,0
@superfluid-finance/ethereum-contracts,0,0,2.5,0
@kilocode/cli-linux-arm64,0,0,0,0
@material-symbols-svg/vue,0,0,8152.0001,0
@gnsx/genesys.js,0,0,517.6287000000002,0
@tencentdb-agent-memory/tcvdb-text,0,0,6.9167,0
@onica/runway,0,0,0,0
@fmsim/fmsim-restful,0,0,23.184800000000003,0
@vrsen/agentswarm-cli-linux-x64-musl,0,0,0,0
@db-ux/db-theme-icons,0,0,0,0
vue2-client,0,0,62.8857,0
@vrsen/agentswarm-cli-windows-x64,0,0,0,0
react-native-filament-buildcores,0,0,100.466,0
@vrsen/agentswarm-cli-linux-x64,0,0,0,0
@qvac/llm-llamacpp,0,0,2,0
zraldcli-darwin-arm64,0,0,0,0
@qvac/tts-onnx,0,0,7.7916,0
@vrsen/agentswarm-cli-linux-x64-baseline,0,0,0,0
riskjs,0,0,0,0
@react-native-oh/react-native-harmony,0,0,337.1236,0
@vrsen/agentswarm-cli-windows-arm64,0,0,0,0
@vrsen/agentswarm-cli-windows-x64-baseline,0,0,0,0
@kilocode/cli-darwin-x64,0,0,0,0
foxfire,0,0,1,0
@postman/pm-bin-windows-x64,0,0,216.92540000000017,0
@builder.io/buildercode-darwin-arm64,0,0,0,0
@kilocode/cli-darwin-x64-baseline,0,0,0,0
@vrsen/agentswarm-cli-linux-x64-baseline-musl,0,0,0,0
@factory/cli-win32-x64,0,0,0,0
@builder.io/buildercode-win32-x64,0,0,0,0
archgate-win32-x64,0,0,0,0
newawesome,0,0,6,0
@socialgouv/fiches-vdd,0,0,2.5,0
@vrsen/agentswarm-cli-darwin-x64-baseline,0,0,0,0
@joggr/cli-linux-x64-musl,0,0,0,0
@vkhanhqui/figma-mcp-go,0,0,0,0
@factory/cli-win32-x64-baseline,0,0,0,0
@celo/client,0,0,0,0
@vrsen/agentswarm-cli-linux-arm64,0,0,0,0
@vrsen/agentswarm-cli-darwin-x64,0,0,0,0
@codemod.com/cli-darwin-arm64,0,0,0,0
react-native-notch-info,0,0,2,0
codeep,0,0,66.28,0
@builder.io/buildercode-linux-x64,0,0,0,0
@dotcms/dotcli,0,0,0,0
@vrsen/agentswarm-cli-linux-arm64-musl,0,0,0,0
@dcl/unity-renderer,0,0,0,0
@vrsen/agentswarm-cli-darwin-arm64,0,0,0,0
@capillarytech/creatives-library,0,0,462.70540000000005,0
react-native-skia-graphite-apple-macos,0,0,0,0
react-native-fatos-sdk,0,0,23.1214,0
@joggr/cli-linux-x64,0,0,0,0
@qvac/embed-llamacpp,0,0,2,0
@humanlayer/cli-win32-x64,0,0,0,0
opengate-js,0,0,231.2987999999999,0
react-native-skia-graphite-apple-ios,0,0,0,0
@qvac/translation-nmtcpp,0,0,12.716800000000003,0
react-native-skia-graphite-android,0,0,0,0
@multiplayer-app/cli-linux-x64,0,0,0,0
@blaze-money/kindling,0,0,5.5833,0
@joggr/cli-darwin-arm64,0,0,0,0
@bulletproof-sh/ctrl-daemon-windows-x64,0,0,0,0
@chillicream/nitro,0,0,0,0
license-kit,0,0,24.700000000000003,0
@thebushidocollective/han-linux-x64,0,0,0,0
@cypress-bin/binary-win32-x64,0,0,0,0
@babylonjs/react-native-windows-0-64,0,0,0,0
makecoder-codex-win32-x64,0,0,0,0
@agents-shire/cli-linux-x64,0,0,0,0
bare-sidecar,0,0,1,0
cldpre,0,0,1,0
@hugeicons/react-pro,0,0,1311.3693000000285,0
rn-card-scanner,0,0,0,0
rhachet,0,0,371.6831000000001,0
zraldcli-darwin-x64-baseline,0,0,0,0
@cyclonedx/cdxgen-plugins-bin-windows-amd64,0,0,0,0
@qvac/ocr-onnx,0,0,3.1667,0
coderider-linux-x64,0,0,0,0
makecoder-codex-linux-x64,0,0,0,0
react-native-kochava-measurement,0,0,31.70660000000001,0
zraldcli-linux-x64-musl,0,0,0,0
@joggr/cli-darwin-x64,0,0,0,0
makecoder-codex-darwin-arm64,0,0,0,0
coderider-linux-x64-baseline-musl,0,0,0,0
coderider-linux-x64-musl,0,0,0,0
coderider-linux-x64-baseline,0,0,0,0
@cypress-bin/binary-linux-x64,0,0,0,0
@eclipse-docks/extension-cereusdb,0,0,1,0
coderider-windows-x64,0,0,0,0
zraldcli-linux-x64-baseline,0,0,0,0
zraldcli-darwin-x64,0,0,0,0
@soundscript/cli-linux-x64,0,0,0,0
obs-studio-node,0,0,4.25,0
ralphy-cli,0,0,0,0
@joggr/cli-windows-x64,0,0,0,0
coderider-linux-arm64,0,0,0,0
infiniloom-node,0,0,1,0
zraldcli-windows-x64-baseline,0,0,0,0
coderider-windows-x64-baseline,0,0,0,0
@qvac/transcription-parakeet,0,0,2.8333,0
world-geojson,0,0,0,0
@kilocode/cli-windows-arm64,0,0,0,0
zraldcli-linux-x64,0,0,0,0
@office-iss/rex-win32,0,0,1,0
@scratch/scratch-gui,0,0,48.00189999999999,0
@vexp/plugin-cuda-win32-x64,0,0,0,0
@simonyea/holysheep-cli,0,0,0,0
@dianshuv/hapi-linux-arm64,0,0,0,0
@joggr/cli-linux-arm64,0,0,0,0
@adobe/coral-spectrum,0,0,180.36940000000018,0
nxd-plugin,0,0,0,0
@multiplayer-app/cli-darwin-x64,0,0,0,0
coderider-linux-arm64-musl,0,0,0,0
storyly-react-native,0,0,2,0
ng2-arv-lib,0,0,9.623800000000001,0
@kaoto/camel-catalog,0,0,0,0
@jhl_labs/jvim-linux-x64,0,0,0,0
coderider-windows-arm64,0,0,0,0
nori-ai-cli,0,0,1,0
@upscalerjs/esrgan-thick,0,0,15.799799999999998,0
@cubic-dev-ai/cli-linux-arm64,0,0,0,0
gfaas,0,0,64.0473,0
@multiplayer-app/cli-windows-arm64,0,0,0,0
@azure/mcp-darwin-x64,0,0,1,0
cloud-ui.vusion,0,0,329.7757,0
zraldcli-linux-arm64-musl,0,0,0,0
zraldcli-windows-x64,0,0,0,0
@factory/cli-linux-arm64,0,0,0,0
turtlecoin-cryptonote-util,0,0,1,0
@agents-shire/cli-win32-x64,0,0,0,0
@soundscript/cli-linux-arm64,0,0,0,0
@cyclonedx/cdxgen-plugins-bin-darwin-arm64,0,0,0,0
@g-bits/driver_redhat_x64,0,0,0,0
@soundscript/cli-win32-x64,0,0,0,0
@fugood/node-whisper-linux-x64-cuda,0,0,0,0
@stargatefinance/stg-evm-sdk-v2,0,0,0,0
@soundscript/cli-darwin-arm64,0,0,0,0
@multiplayer-app/cli-windows-x64,0,0,0,0
@agents-shire/cli-linux-arm64,0,0,0,0
@intlayer/backend,0,0,0,0
@memvid/cli-linux-x64,0,0,0,0
zraldcli-linux-x64-baseline-musl,0,0,0,0
@multiplayer-app/cli-linux-arm64,0,0,0,0
@cubic-dev-ai/cli-linux-arm64-musl,0,0,0,0
zraldcli-linux-arm64,0,0,0,0
@clicli/app,0,0,0,0
@microsoft/dataverse,0,0,1,0
node-linux-ppc64le,0,0,0,0
@aptos-scp/scp-component-rn-device-services,0,0,165.46890000000002,0
@soundscript/cli-darwin-x64,0,0,0,0
@toothfairyai/tfcode-linux-arm64-musl,0,0,61.56040000000001,0
@legna-lnc/legnacode-linux-x64,0,0,0,0
automagik-genie,0,0,53.49089999999998,0
codegenie-windows-x64,0,0,0,0
@webitel/api-services,0,0,1658.4949000000015,0
mp-design-system,0,0,0,0
@dianshuv/hapi-win32-x64,0,0,0,0
@contextzero/nest-linux-x64,0,0,0,0
hunkdiff-linux-x64,0,0,0,0
product-lixian,0,0,13.999699999999995,0
quasar-extras-svg-icons,0,0,0,0
@toothfairyai/tfcode-linux-x64-musl,0,0,61.56040000000001,0
@memory.build/cli-windows-x64,0,0,0,0
@govtechsg/open-attestation-cli,0,0,150.4229999999999,0
royco,0,0,73.7655,0
db-hafas-stations,0,0,0,0
@codemod.com/cli-win32-x64-msvc,0,0,0,0
@dianshuv/hapi-linux-x64,0,0,0,0
@contextzero/nest-win32-x64,0,0,0,0
forgecode,0,0,0,0
@tomashighres/gamma,0,0,39.14000000000001,0
@pact-foundation/pact-standalone,0,0,1,0
aspose.cells.node.darwin.arm64,0,0,0,0
@toothfairyai/tfcode-linux-x64-baseline-musl,0,0,61.56040000000001,0
app-ui-tauros,0,0,121.02360000000009,0
@matrix-ai/oh-my-matrix-windows-x64-baseline,0,0,0,0
@qvac/diffusion-cpp,0,0,3.4167,0
waifu2x,0,0,3,0
@finbourne/lusid-preview,0,0,2219.7581999999993,0
@toothfairyai/tfcode-darwin-x64-baseline,0,0,61.56040000000001,0
@matrix-ai/oh-my-matrix-windows-x64,0,0,0,0
@cdxgen/cdxgen-plugins-bin-windows-arm64,0,0,0,0
@legna-lnc/legnacode-linux-arm64,0,0,0,0
@babylonjs/react-native-windows-0-69,0,0,0,0
@factory/cli-darwin-x64-baseline,0,0,0,0
local-saml-idp,0,0,0,0
mta-gtfs-static,0,0,0,0
cypress-browser-extension-plugin,0,0,6.25,0
facepass-react-native-module,0,0,0,0
@traces-sh/traces-linux-x64,0,0,0,0
@alumnium/cli-windows-x64,0,0,0,0
noto-fontface-cjk-jp,0,0,0,0
@ironsoftware/ironpdf-engine-windows-x64,0,0,0,0
poker-evaluator,0,0,6.6,0
anycloud,0,0,34.2977,0
@hippox/codegenie-win32-x64,0,0,0,0
@factory/cli-darwin-x64,0,0,0,0
@viro-community/react-viro,0,0,79.61859999999999,0
@zweicli/linux-x64,0,0,0,0
@embedder/embedder-linux-x64,0,0,0,0
react-native-sia,0,0,2.5,0
grok-dev,0,0,100.2298,0
@legna-lnc/legnacode-win32-ia32,0,0,0,0
@toothfairyai/tfcode-linux-arm64,0,0,61.56040000000001,0
hbuilderx-plugin-uniapp-runextension,0,0,0,0
node-linux-armv7l,0,0,0,0
@legna-lnc/legnacode-win32-x64,0,0,0,0
galx-storage,0,0,0,0
@cdxgen/cdxgen-plugins-bin-darwin-amd64,0,0,0,0
mac-hbuilderx-plugin-launcher,0,0,0,0
btca,0,0,1,0
@d3k/linux-x64,0,0,1,0
@alumnium/cli-windows-arm64,0,0,0,0
wuic-framework-lib,0,0,0,0
@pickup-cli/win32-x64,0,0,0,0
@toothfairyai/tfcode-windows-x64-baseline,0,0,61.56040000000001,0
@antinomyhq/forge,0,0,0,0
react-native-vosk,0,0,5.5,0
ghost-architect-open,0,0,24.23079999999999,0
@toothfairyai/tfcode-linux-x64,0,0,61.56040000000001,0
@involvex/youtube-music-cli,0,0,0,0
@cyclonedx/cdxgen-plugins-bin-darwin-amd64,0,0,0,0
goatchain-cli-windows-x64,0,0,0,0
@toothfairyai/tfcode-windows-x64,0,0,61.56040000000001,0
hunkdiff-linux-arm64,0,0,0,0
@synsci/cli2-linux-x64,0,0,0,0
@tursodatabase/sync-react-native,0,0,9.1834,0
retypeapp-linux-x64,0,0,0,0
@zigc/lib,0,0,0,0
@synsci/cli2-linux-x64-musl,0,0,0,0
goatchain-cli-linux-x64,0,0,0,0
@synsci/cli2-linux-x64-baseline-musl,0,0,0,0
kifaru-linux-x64-baseline,0,0,0,0
@zweicli/windows-x64,0,0,0,0
kifaru-darwin-arm64,0,0,0,0
numasec-linux-x64-musl,0,0,0,0
goatchain-cli-linux-arm64,0,0,0,0
@synsci/cli2-linux-x64-baseline,0,0,0,0
numasec-linux-x64,0,0,0,0
@lavilas/codex-win32-x64,0,0,0,0
tree-sitter-objectscript,0,0,6.3332999999999995,0
betterncm-packed-plugins,0,0,0,0
@factory/cli-win32-arm64,0,0,0,0
@machina.ai/cell-code-windows-x64,0,0,0,0
@ip-location-db/dbip-city,0,0,0,0
@cubic-dev-ai/cli-windows-x64,0,0,0,0
acp-extension-codex-linux-x64,0,0,0,0
@lavilas/codex-darwin-x64,0,0,0,0
@synsci/cli2-linux-arm64,0,0,0,0
@lavilas/codex-win32-arm64,0,0,0,0
@strvmarv/total-recall,0,0,2,0
opentest-actor,0,0,0,0
@machina.ai/cell-code-windows-arm64,0,0,0,0
kifaru-linux-x64-baseline-musl,0,0,0,0
aid-elements,0,0,0,0
kifaru-windows-x64,0,0,0,0
@andes/plex,0,0,17.2611,0
@machina.ai/cell-code-linux-x64-musl,0,0,0,0
@synsci/cli2-windows-x64-baseline,0,0,0,0
@machina.ai/cell-code-linux-arm64,0,0,0,0
@lavilas/codex-linux-arm64,0,0,0,0
@machina.ai/cell-code-darwin-arm64,0,0,0,0
kifaru-linux-arm64-musl,0,0,0,0
@toothfairyai/tfcode-darwin-arm64,0,0,61.56040000000001,0
openwork-orchestrator-windows-x64,0,0,0,0
minecraft-assets,0,0,2,0
kifaru-linux-arm64,0,0,0,0
@synsci/cli2-windows-x64,0,0,0,0
jamkit,0,0,8.9375,0
numasec-linux-x64-baseline,0,0,0,0
@cdktn/provider-kubernetes,0,0,55.33280000000001,0
@lavilas/codex-darwin-arm64,0,0,0,0
killstata-windows-x64,0,0,0,0
@machina.ai/cell-code-linux-x64,0,0,0,0
kifaru-darwin-x64,0,0,0,0
numasec-darwin-x64,0,0,0,0
@machina.ai/cell-code-linux-x64-baseline-musl,0,0,0,0
@codemod.com/cli-linux-arm64-gnu,0,0,0,0
form-imagining,0,0,54.5,0
@machina.ai/cell-code-linux-x64-baseline,0,0,0,0
live2dapi-noa,0,0,0,0
turtlecode-backend-linux-arm64-musl,0,0,0,0
@cdktn/provider-azurerm,0,0,2,0
node-linux-s390x,0,0,0,0
@circuitorg/agent-cli,0,0,0,0
@machina.ai/cell-code-darwin-x64-baseline,0,0,0,0
@codemieai/codemie-opencode-windows-x64-baseline,0,0,0,0
turnilo,0,0,88.84030000000006,0
zeeve-cli-corda-enterprise-plugin,0,0,29.011099999999995,0
@codemieai/codemie-opencode-windows-x64,0,0,0,0
consortium-code-darwin-arm64,0,0,0,0
@toothfairyai/tfcode-linux-x64-baseline,0,0,61.56040000000001,0
@scratch/scratch-gui-standalone,0,0,48.0019,0
nipurn-xprompt-new-linux-x64-baseline,0,0,0,0
@cubic-dev-ai/cli-windows-x64-baseline,0,0,0,0
@zigc/linux-x64,0,0,0,0
@mcpmesh/cli-darwin-arm64,0,0,0,0
numasec-darwin-x64-baseline,0,0,0,0
nipurn-xprompt-new-linux-x64-musl,0,0,0,0
@synsci/cli2-darwin-x64-baseline,0,0,0,0
@wachi-cli/win32-x64,0,0,0,0
@synsci/cli2-linux-arm64-musl,0,0,0,0
@mcpmesh/cli-darwin-x64,0,0,0,0
@toothfairyai/tfcode-windows-arm64,0,0,61.56040000000001,0
@menloresearch/uranus-element,0,0,0,0
@aws-cdk/aws-quicksight,0,0,1.5,0
@zenku/cli-linux-arm64,0,0,0,0
nipurn-xprompt-new-linux-x64-baseline-musl,0,0,0,0
depository-deploy-linux,0,0,0,0
numasec-linux-arm64,0,0,0,0
@nativescript/canvas,0,0,99.90280000000001,0
droplocation-cypress-binaries-win32,0,0,0,0
chinese-poetry,0,0,0,0
@bentley/imodeljs-darwin-arm64,0,0,0,0
@synsci/cli2-darwin-x64,0,0,0,0
@luxamm/ethers-rs-mobile,0,0,0,0
@kutalia/whisper-node-addon,0,0,0,0
@traces-sh/traces-linux-arm64,0,0,0,0
@mcpmesh/cli-linux-arm64,0,0,0,0
@machina.ai/cell-code-darwin-x64,0,0,0,0
@adens/openwa,0,0,40.9468,0
@bunny.net/cli-windows-x64,0,0,0,0
hispasat-ui,0,0,0,0
@toothfairyai/tfcode-darwin-x64,0,0,61.56040000000001,0
@cyclonedx/cdxgen-plugins-bin-linux-arm64,0,0,0,0
@machina.ai/cell-code-windows-x64-baseline,0,0,0,0
numasec-darwin-arm64,0,0,0,0
nipurn-xprompt-new-linux-arm64,0,0,0,0
rocketbatch,0,0,0,0
consortium-code-darwin-x64,0,0,0,0
nipurn-xprompt-new-darwin-x64-baseline,0,0,0,0
consortium-code-linux-arm64,0,0,0,0
react-native-app-state-aware-focus-effect,0,0,2,0
@embedder/embedder-linux-arm64,0,0,0,0
nipurn-xprompt-new-darwin-x64,0,0,0,0
@nuggetslife/vc-rn,0,0,36.5054,0
@amazon-devices/sentry__react-native,0,0,44.7222,0
@machina.ai/cell-code-linux-arm64-musl,0,0,0,0
depository-deploy-macos,0,0,0,0
nodejs-mobile-react-native,0,0,0,0
@sparkz-community/common-client-lib,0,0,9.4231,0
nipurn-xprompt-new-linux-arm64-musl,0,0,0,0
nipurn-xprompt-new-darwin-arm64,0,0,0,0
turtlecode-backend-linux-x64,0,0,0,0
@yahoo/uds-v5-wip-cli,0,0,0,0
@operato/scene-urdf,0,0,9.4166,0
nipurn-xprompt-new-linux-x64,0,0,0,0
turtlecode-backend-linux-x64-baseline,0,0,0,0
@nozomioai/nia-windows-x64,0,0,0,0
@babylonjs/react-native-windows-0-65,0,0,0,0
react-native-tor,0,0,0,0
@postman/pm-bin-macos-arm64,0,0,216.92540000000017,0
@embedder/embedder-windows-x64,0,0,0,0
numasec-windows-x64,0,0,0,0
@ironfish/rust-nodejs-linux-x64-gnu,0,0,0,0
@cal88/interactive-brokers-mcp,0,0,11.0777,0
turtlecode-backend-windows-x64-baseline,0,0,0,0
@nhtio/create-ts-lib-starter,0,0,4,0
@fugood/node-llama-linux-x64-cuda,0,0,0,0
@ironfish/rust-nodejs-linux-x64-musl,0,0,0,0
@newtype-os/cli-darwin-arm64,0,0,0,0
react-native-tdlib,0,0,0,0
athithan-dev,0,0,0,0
numasec-windows-arm64,0,0,0,0
vite-plugin-norg,0,0,25.023,0
turtlecode-backend-windows-x64,0,0,0,0
turtlecode-backend-linux-arm64,0,0,0,0
numasec-linux-arm64-musl,0,0,0,0
deepspeech-gpu,0,0,1,0
reredd-windows-x64,0,0,0,0
turtlecode-backend-linux-x64-baseline-musl,0,0,0,0
@codemod.com/cli-darwin-x64,0,0,0,0
ui-test-tauros,0,0,65.94139999999997,0
nipurn-xprompt-new-windows-x64,0,0,0,0
@mcpmesh/cli-linux-x64,0,0,0,0
opencode-codex-orch-linux-x64,0,0,0,0
@zigc/darwin-arm64,0,0,0,0
turtlecode-backend-windows-arm64,0,0,0,0
@d3k/darwin-arm64,0,0,1,0
ideavo-code-linux-x64-baseline,0,0,0,0
@zigc/win32-arm64,0,0,0,0
@superinterface/server,0,0,130.0407,0
turtlecode-backend-linux-x64-musl,0,0,0,0
innoq-styleguide,0,0,0,0
nipurn-xprompt-new-windows-x64-baseline,0,0,0,0
@sencha/eslint-plugin-extjs,0,0,47.71610000000002,0
@debugmcp/mcp-debugger,0,0,13.3333,0
@pspdfkit/nodejs,0,0,1,0
@octokit/openapi,0,0,1,0
conintervu,0,0,46.6448,0
azure-devops-work-items-mac,0,0,0,0
@oh-labs/oh-omp-linux-x64,0,0,0,0
@zigc/linux-arm64,0,0,0,0
numasec-windows-x64-baseline,0,0,0,0
react-native-adyen-cse,0,0,2,0
geoip-lite-updated,0,0,4.4,0
@socialgouv/legi-data,0,0,14.4953,0
@qlik/react-native-helium,0,0,0,0
ideavo-code-linux-x64,0,0,0,0
@zigc/win32-x64,0,0,0,0
innertest,0,0,4,0
@newtype-os/cli-windows-x64,0,0,0,0
@codex-infinity/codex-infinity,0,0,0,0
dotcli-demo,0,0,0,0
@ironsoftware/ironpdf-engine-linux-x64,0,0,0,0
aciano-cdn,0,0,0,0
@tmedanovic/genie-cli,0,0,16.9036,0
@42ailab/42plugin-win32-x64,0,0,0,0
cactus-react-native,0,0,19.066799999999997,0
@agent-orcha/node-omni-orcha-linux-x64-cuda,0,0,0,0
consortium-code-linux-x64,0,0,0,0
@ironsoftware/ironpdf-engine-macos-arm64,0,0,0,0
access-nyc-patterns,0,0,10.833400000000001,0
@riverbankcms/sdk,0,0,0,0
@elestio/cloudgate,0,0,11.893600000000001,0
mstream,0,0,38.752700000000004,0
opencode-ai-nofc-windows-x64,0,0,0,0
@fathyb/carbonyl-linux-amd64,0,0,0,0
nume_homolog,0,0,0,0
ideavo-code-linux-x64-musl,0,0,0,0
@newtype-os/cli-darwin-x64,0,0,0,0
misans-webfont,0,0,0,0
@traces-sh/traces-windows-x64,0,0,0,0
rari-linux-arm64,0,0,0,0
ideavo-code-linux-x64-baseline-musl,0,0,0,0
@newtype-os/cli-darwin-x64-baseline,0,0,0,0
happy-next-cli,0,0,10.7083,0
govuk-chakra,0,0,0,0
com.shanghaiwindy.middlelayer,0,0,0,0
@vultisig/mpc-native,0,0,1,0
@ravenhouse/omni-sdk,0,0,0,0
@react-pakistan/react-design-collection,0,0,58.27389999999999,0
hamlib,0,0,2.5,0
@zigc/darwin-x64,0,0,0,0
@newtype-os/cli-linux-x64-baseline,0,0,0,0
@newtype-os/cli-linux-x64-baseline-musl,0,0,0,0
sale-client-chengran,0,0,34.3859,0
@cyclonedx/cdxgen-plugins-bin-windows-arm64,0,0,0,0
@costrict/cs-darwin-x64-baseline,0,0,0,0
@cascade-flow/cli,0,0,0,0
@newtype-os/cli-windows-x64-baseline,0,0,0,0
@pizzapi/cli-linux-x64,0,0,1,0
@embedder/embedder-windows-arm64,0,0,0,0
@toolbox-sdk/server-darwin-x64,0,0,0,0
@newtype-os/cli-linux-x64-musl,0,0,0,0
@chainsafe/eth2-spec-tests,0,0,0,0
echarts-china-counties-js,0,0,2,0
@agent-facets/cli-windows-x64-baseline,0,0,0,0
@newtype-os/cli-linux-arm64,0,0,0,0
@oh-labs/oh-omp-darwin-arm64,0,0,0,0
@cyclonedx/cdxgen-plugins-bin-linuxmusl-arm64,0,0,0,0
com.hecomi.ulipsync,0,0,0,0
@uniswap/ethers-rs-mobile,0,0,0,0
@newtype-os/cli-linux-x64,0,0,0,0
eve-online-sde,0,0,0,0
@sezzle/sezzle-static-widget,0,0,1,0
@svc-apac-goodyear/design-tokens,0,0,0,0
rewards-test3,0,0,28.366699999999998,0
rari-win32-x64,0,0,0,0
opencode-ai-nofc-windows-arm64,0,0,0,0
rari-linux-x64,0,0,0,0
@twsxtd/hapi-win32-x64,0,0,0,0
@foundryup/foundry,0,0,0,0
@sonarwatch/token-lists,0,0,0,0
opencode-ai-nofc-linux-arm64,0,0,0,0
@newtype-os/cli-linux-arm64-musl,0,0,0,0
stromdao-eaf,0,0,10.8333,0
oh-my-magento-linux-x64,0,0,0,0
@vmosedge/proxy-sdk,0,0,0,0
astra-insight-mcp,0,0,0,0
@raiadrogasil/pulso-react-native-components,0,0,188.9165,0
vertx3-full,0,0,0,0
@vikasitai/vikasit-code-linux-x64-baseline,0,0,0,0
@restatedev/restate-linux-arm64,0,0,0,0
@babylonjs/react-native-windows,0,0,0,0
hyperswitch-prism,0,0,8.4047,0
@d3k/windows-x64,0,0,1,0
azure-devops-work-items-linux,0,0,0,0
ocr-provenance-mcp,0,0,166.25450000000004,0
@agent-facets/cli-windows-x64,0,0,0,0
@vikasitai/vikasit-code-linux-x64-musl,0,0,0,0
@agent-orcha/node-omni-orcha-win32-x64-cuda,0,0,0,0
fluentui-emoji,0,0,0,0
@babylonjs/react-native-windows-0-70,0,0,0,0
depository-deploy-windows,0,0,0,0
opencode-codebase-index,0,0,0,0
@vikasitai/vikasit-code-linux-x64-baseline-musl,0,0,0,0
@vikasitai/vikasit-code-linux-x64,0,0,0,0
@bloxbean/yaci-devkit-macos-arm64,0,0,0,0
@delta-ai/lancedb-linux-x64-musl,0,0,0,0
@rongcloud/electron,0,0,0,0
@bloxbean/yaci-devkit-linux-x64,0,0,0,0
@kyuz0/securecode-linux-x64-baseline-musl,0,0,0,0
@delta-ai/lancedb-linux-x64-gnu,0,0,0,0
live2dcubismcore,0,0,0,0
symbiotic-linux-x64,0,0,0,0
@costrict/cs-linux-arm64-musl,0,0,0,0
@vikasitai/vikasit-code-windows-x64,0,0,0,0
bangumi-database,0,0,0,0
live2d-widget-model,0,0,5.2085,0
@vikasitai/vikasit-code-darwin-arm64,0,0,0,0
@costrict/cs-linux-arm64,0,0,0,0
shr-fhir-export,0,0,9.5528,0
@triplestepab/all-the-cities,0,0,3,0
@costrict/cs-linux-x64-musl,0,0,0,0
@kyuz0/securecode-linux-x64-musl,0,0,0,0
com.caffeine,0,0,0,0
@zenjiro-latte/latte-code-win32-x64,0,0,0,0
@costrict/cs-darwin-arm64,0,0,0,0
@canner/cli,0,0,0,0
@intuned/cli-windows-x64-baseline,0,0,0,0
droplocation-cypress-binaries-linux,0,0,0,0
tutti-ch-styleguide,0,0,81.19530000000002,0
symbiotic-windows-x64,0,0,0,0
@kodaikabasawa/ccmanager-win32-x64,0,0,0,0
threed-garden,0,0,5.6667000000000005,0
cui-llama.rn,0,0,4.5,0
@perf-profiler/maestro,0,0,0,0
@chinese-fonts/maple-mono-cn,0,0,0,0
@flintttan/hapi-linux-x64,0,0,0,0
azure-devops-work-items-win,0,0,0,0
@costrict/cs-windows-x64,0,0,0,0
@agent-webui/ai-desk-python-win32-x64,0,0,0,0
cmcts-c-agent-embedding,0,0,0,0
connected-spaces-platform.web,0,0,0,0
@vikasitai/vikasit-code-linux-arm64-musl,0,0,0,0
@costrict/cs-darwin-x64,0,0,0,0
tango-app-api-store-builder,0,0,32.67170000000001,0
@viasat/beam-fonts,0,0,0,0
@fairmint/canton-node-sdk,0,0,223.33890000000028,0
@flintttan/hapi-linux-arm64,0,0,0,0
@costrict/cs-linux-x64,0,0,0,0
airwatch-sdk-plugin,0,0,0,0
connected-spaces-platform.unity.core,0,0,0,0
@restatedev/restate-server-darwin-x64,0,0,0,0
oh-my-magento-windows-x64-baseline,0,0,0,0
jp.keijiro.ffmpeg-out,0,0,0,0
@vikasitai/vikasit-code-linux-arm64,0,0,0,0
@anyone-protocol/anyone-client,0,0,30.339199999999998,0
liveapicreator-admin-cli,0,0,31.018600000000013,0
@agent-lite/codex,0,0,0,0
@dannadori/blaze-pose-worker-js,0,0,1,0
@restatedev/restate-darwin-x64,0,0,0,0
@vikasitai/vikasit-code-darwin-x64-baseline,0,0,0,0
@toolkit-cli/toolkode-windows-x64,0,0,0,0
@shkumbinhsn/react-icons,0,0,65.5441,0
acp-extension-codex-darwin-arm64,0,0,0,0
oh-my-magento-windows-x64,0,0,0,0
@proliferateai/codex-acp-linux-x64,0,0,0,0
@celo/devchain-anvil,0,0,0,0
opendocker-windows-x64-baseline,0,0,0,0
@tomdra01/kntxt,0,0,1,0
@costrict/cs-windows-x64-baseline,0,0,0,0
@foreverrbum/ethsign,0,0,111.62089999999999,0
@myorders/fleetops-engine,0,0,10,0
@wiremock/cli,0,0,1,0
@vikasitai/vikasit-code-windows-arm64,0,0,0,0
@costrict/cs-linux-x64-baseline-musl,0,0,0,0
react-native-deepar,0,0,2.6668,0
@agent-webui/ai-desk-python-linux-x64,0,0,0,0
@critters-rs/critters-linux-x64-gnu,0,0,0,0
@agent-webui/ai-desk-python-linux-arm64,0,0,0,0
ngx-ng2-semantic-ui,0,0,104.99479999999997,0
react-native-paypal,0,0,3,0
meta-client,0,0,24.0373,0
@kyuz0/securecode-linux-x64,0,0,0,0
@vikasitai/vikasit-code-windows-x64-baseline,0,0,0,0
@gooddata/fixtures,0,0,7.300000000000001,0
longbridge-linux-x64-gnu,0,0,0,0
@kyuz0/securecode-linux-arm64,0,0,0,0
@altimateai/altimate-code-darwin-arm64,0,0,0,0
mysql-rest,0,0,5.1333,0
@altimateai/altimate-code-windows-x64-baseline,0,0,0,0
@intuned/cli-windows-x64,0,0,0,0
@synanetics/fhir-transform,0,0,5.333399999999999,0
@altimateai/altimate-code-windows-x64,0,0,0,0
@fugood/node-llama-win32-x64-cuda,0,0,0,0
piper-tts-web,0,0,10.722199999999999,0
react-native-wcxa,0,0,92.3862,0
schoolzyinstall,0,0,0,0
nativescript-wikitude,0,0,2,0
@codexed/codex-win32-x64,0,0,0,0
com.democalendernativemodule,0,0,0,0
@costrict/cs-linux-x64-baseline,0,0,0,0
senapt-development,0,0,0,0
haoshoku,0,0,11.0237,0
repzo,0,0,6.3332999999999995,0
awesomesafinaz,0,0,6,0
@vacbo/oh-my-opencode-linux-x64,0,0,0,0
@checkmarx/cdk-validator-kics,0,0,4,0
@vikasitai/vikasit-code-darwin-x64,0,0,0,0
@wasp.sh/wasp-cli-darwin-arm64-unknown,0,0,48.22170000000002,0
@costrict/cs-windows-arm64,0,0,0,0
@expo-google-fonts/noto-serif-sc,0,0,9,0
@kyuz0/securecode-linux-arm64-musl,0,0,0,0
ngui-tools,0,0,6.8334,0
@babylonjs/react-native-windows-0-71,0,0,0,0
com.koiusa.steammultiruntime,0,0,0,0
nuwaxcode-linux-x64-baseline,0,0,0,0
@btc-vision/uwebsockets.js,0,0,0,0
jeol-data-test,0,0,0,0
nuwaxcode-linux-x64-musl,0,0,0,0
lepton-dx-windows-x64,0,0,0,0
@tjelvar/dummy-html,0,0,0,0
@moreyears/icons,0,0,0,0
@taprun/cli-win32-x64,0,0,0,0
@ianlucas/cs2-lib,0,0,0,0
@prometheansacrifice/esy-bash,0,0,1,0
@rspack-debug/binding-linux-x64-gnu,0,0,0,0
@ibm/plex-sans-sc,0,0,0,0
@unstoppabledomains/firebase-auth,0,0,11,0
lark-opencode-darwin-x64,0,0,0,0
itk-vtk-viewer,0,0,97.94260000000008,0
@altimateai/altimate-code-linux-x64,0,0,0,0
@elastic/elastic-ramen-linux-x64-musl,0,0,0,0
@elastic/elastic-ramen-linux-x64,0,0,0,0
@sfdxy/sf-documentation-knowledge,0,0,17.3666,0
@appaloft/cli-linux-x64-gnu,0,0,0,0
@agentmark-ai/cli,0,0,49.660399999999996,0
@mona-app/mona-rn-ui,0,0,47.60419999999999,0
@hypersetai/hyperset-cli-linux-x64,0,0,0,0
com.wallstop-studios.unity-helpers,0,0,0,0
@elastic/elastic-ramen-linux-x64-baseline,0,0,0,0
nuwaxcode-linux-arm64,0,0,0,0
@taprun/cli-linux-x64,0,0,0,0
node-aix-ppc64,0,0,0,0
@lzhoucs/html2canvas,0,0,58.3691,0
kajji-linux-x64,0,0,0,0
@pizzapi/cli-win32-x64,0,0,1,0
nuwaxcode-windows-x64-baseline,0,0,0,0
@elastic/elastic-ramen-linux-arm64,0,0,0,0
@hypersetai/hyperset-cli-win32-x64,0,0,0,0
@legna-lnc/legnacode-linux-x64-baseline,0,0,0,0
@here/harp-map-theme,0,0,0,0
@elastic/elastic-ramen-linux-arm64-musl,0,0,0,0
react-native-dynamic-bundle,0,0,1,0
reactnative-line-awsome,0,0,4,0
opkg,0,0,229.33820000000003,0
@elastic/elastic-ramen-linux-x64-baseline-musl,0,0,0,0
@kyuz0/securecode-linux-x64-baseline,0,0,0,0
@elastic/elastic-ramen-windows-x64,0,0,0,0
@unbraided/kenal-ekyc-rn,0,0,33.34179999999999,0
react-native-zoom-us-reaction,0,0,0,0
@appaloft/cli-linux-x64-musl,0,0,0,0
bookiza,0,0,6.3001,0
nuwaxcode-linux-arm64-musl,0,0,0,0
scratch3apk,0,0,0,0
@fivetrandevelopers/zetasql,0,0,761.8571,0
@vacbo/oh-my-opencode-windows-x64,0,0,0,0
@appaloft/cli-linux-arm64-musl,0,0,0,0
emception,0,0,33.8333,0
@_unit/unit,0,0,2874.110399999986,0
@entrust.corporation/idvsdk-reactnative,0,0,8.1333,0
@pstdio/cli-linux-x64-musl,0,0,0,0
@appaloft/cli-linux-arm64-gnu,0,0,0,0
@fivetrandevelopers/zetasql-snowflake,0,0,765.8571,0
@elastic/elastic-ramen-windows-arm64,0,0,0,0
jbs-client-windows-x64,0,0,0,0
@here/harp-examples,0,0,50.366699999999994,0
nuwaxcode-windows-x64,0,0,0,0
php-wasm,0,0,3.1667,0
@appaloft/cli-win32-x64,0,0,0,0
@taprun/cli-darwin-x64,0,0,0,0
alopeyk-map,0,0,2.6667,0
gramma-lite,0,0,34.5196,0
react-native-wg,0,0,0,0
@vacbo/oh-my-opencode-windows-x64-baseline,0,0,0,0
@appaloft/cli-win32-arm64,0,0,0,0
@elastic/elastic-ramen-windows-x64-baseline,0,0,0,0
@hypersetai/hyperset-cli-linux-arm64,0,0,0,0
react-native-networking-patch,0,0,0,0
@lbennett/yuzu,0,0,27.811799999999998,0
hyposcript,0,0,1,0
movr_module_rn,0,0,0,0
@yowasp/nextpnr-ecp5,0,0,0,0
@unifast/node,0,0,0,0
@pstdio/cli-linux-x64,0,0,0,0
lbug,0,0,11.916499999999997,0
@postman/pm-bin-macos-x64,0,0,216.92540000000017,0
font-online,0,0,0,0
@triniwiz/nativescript-couchbase,0,0,0,0
@altimateai/altimate-code-linux-x64-baseline,0,0,0,0
@fugood/node-llama-linux-arm64-cuda,0,0,0,0
esy-bash,0,0,1.5,0
nuwaxcode-linux-x64-baseline-musl,0,0,0,0
@restatedev/restate-server-linux-arm64,0,0,0,0
@0x/mesh-browser,0,0,2,0
checkapicall,0,0,11.5,0
@taprun/cli-darwin-arm64,0,0,0,0
interactive-brokers-mcp,0,0,10.1333,0
react-native-soda-update,0,0,0,0
dfcode-darwin-x64,0,0,0,0
@altimateai/altimate-code-linux-x64-musl,0,0,0,0
@portal-hq/core,0,0,48.52389999999999,0
@proliferateai/codex-acp-darwin-arm64,0,0,0,0
react-viro,0,0,30.483499999999996,0
kajji-linux-arm64,0,0,0,0
@repeato/ocr,0,0,26.821399999999997,0
@freetiler/nasa-bluemarble,0,0,0,0
@cometix/codex,0,0,0,0
dfcode-linux-x64,0,0,0,0
@codexed/codex-linux-x64,0,0,0,0
@ironfish/rust-nodejs-linux-arm64-musl,0,0,0,0
@altimateai/altimate-code-linux-x64-baseline-musl,0,0,0,0
@followthecode/cli,0,0,0,0
node-source-han-sans-sc,0,0,0,0
lark-opencode-darwin-x64-baseline,0,0,0,0
@wingconsole/desktop-win32-arm64,0,0,0,0
@zhbhun/background-removal,0,0,0,0
@restatedev/restate-darwin-arm64,0,0,0,0
org.outernet.cesium-unity,0,0,0,0
bruker-data-test,0,0,0,0
lark-opencode-linux-x64-musl,0,0,0,0
fpp-react-native-module,0,0,0,0
ading-videobed_01,0,0,0,0
@t12v/xbau-releases,0,0,0,0
bun-webkit-linux-amd64,0,0,0,0
node-source-han-sans,0,0,0,0
lark-opencode-windows-x64-baseline,0,0,0,0
relic-cli-windows-x64,0,0,0,0
twemazing,0,0,0,0
@dxos/signal,0,0,0,0
mode-front-end,0,0,17.807,0
@ui-vts/icons-angular,0,0,0,0
convert-multiple-files-ul,0,0,0,0
@proliferateai/codex-acp-win32-x64,0,0,0,0
@restatedev/restate-server-darwin-arm64,0,0,0,0
regula-wasi,0,0,0,0
@febe95/vue-js-modal,0,0,13.8333,0
@proliferateai/codex-acp-darwin-x64,0,0,0,0
acp-extension-codex-win32-x64,0,0,0,0
io.coherence.sdk,0,0,0,0
react-native-image-offline,0,0,7,0
backlog.md-windows-x64,0,0,0,0
@teller-protocol/v2-contracts,0,0,28.07409999999999,0
@filen/sdk-rs,0,0,3,0
@proliferateai/codex-acp-linux-arm64,0,0,0,0
hbuilderx-plugin-uniappx-launcher,0,0,0,0
musiccdn-ariasaka,0,0,0,0
telescope-prisma-client,0,0,8.2,0
@fabriccode/cli-linux-x64-baseline,0,0,0,0
@acalcutt/maplibre-gl-native,0,0,220.5895,0
@apache-royale/royale-js-swf,0,0,4.5834,0
@aictrl/cli-linux-x64,0,0,0,0
dfcode-windows-x64,0,0,0,0
quickmcp-server,0,0,899.6694999999999,0
lark-opencode-linux-x64-baseline-musl,0,0,0,0
@codexed/codex-linux-arm64,0,0,0,0
@fabriccode/cli-darwin-arm64,0,0,0,0
@twsxtd/hapi-linux-arm64,0,0,0,0
code-monkey-ui,0,0,817.6716999999995,0
@delta-ai/lancedb-darwin-arm64,0,0,0,0
@syncfusion/ej2-js-es5,0,0,0,0
zwift-second-screen,0,0,9.874899999999998,0
@pocketpalai/llama.rn,0,0,4,0
@ip-location-db/dbip-city-7z,0,0,0,0
@fugood/node-whisper-win32-x64-cuda,0,0,0,0
@dfhernandez/sds-react-native-components,0,0,11.850100000000001,0
@fabriccode/cli-linux-x64-musl,0,0,0,0
victory-docs,0,0,0,0
ideavo-code-linux-arm64,0,0,0,0
@codebet/geoip-lite-auto-update,0,0,4.4,0
@fabriccode/cli-linux-x64-baseline-musl,0,0,0,0
@rainy-updates/cli,0,0,212.02700000000004,0
@react-native-ai/mlc,0,0,6,0
cl-lite,0,0,0,0
cordova-plugin-documentreader,0,0,0,0
@spacesprotocol/react-native-libveritas,0,0,4.5,0
@hatijs/helper,0,0,9.666599999999999,0
smolerclaw,0,0,0,0
tapestry-integration,0,0,17.0858,0
@firestone-hs/hs-replay-xml-parser,0,0,29.889300000000002,0
ideavo-code-windows-x64,0,0,0,0
sudachi-wasm333,0,0,0,0
@cyclonedx/cdxgen-plugins-bin-linux-arm,0,0,0,0
@openfonts/noto-serif-sc_all,0,0,0,0
react-native-nitro-inspire-face,0,0,8.55,0
com.microsoft.mesh.toolkit.preview,0,0,0,0
coinstac-simulator,0,0,2,0
jverification-react-native,0,0,1,0
@synsci/cli-linux-x64-baseline,0,0,0,0
pii-paladin,0,0,0,0
@fabriccode/cli-linux-x64,0,0,0,0
icon-blender,0,0,2,0
@seekdb/js-bindings,0,0,1,0
@njam-data/nj-census-2020,0,0,2,0
lark-opencode-linux-x64-baseline,0,0,0,0
dfcode-darwin-arm64,0,0,0,0
@mhingston5/safetynet,0,0,24.6667,0
matrix-linux-x64-musl,0,0,0,0
@ekkos/remote,0,0,19.1127,0
nmredata-data-test,0,0,0,0
cddp-ui,0,0,1,0
@altimateai/altimate-code-darwin-x64-baseline,0,0,0,0
matrix-linux-x64-baseline,0,0,0,0
@memclaw/bin-linux-x64,0,0,0,0
lucky-lillia-desktop-macos-arm64,0,0,0,0
matrix-windows-x64,0,0,0,0
react-native-epson-epos-printer,0,0,0,0
@fabriccode/cli-windows-x64-baseline,0,0,0,0
@diwou/h265ize,0,0,5.3571,0
yyz2,0,0,0,0
com.github.asus4.onnxruntime,0,0,0,0
@altimateai/altimate-code-linux-arm64,0,0,0,0
jcamp-data-test,0,0,0,0
@upscalerjs/maxim-deblurring,0,0,7.6667000000000005,0
matrix-linux-x64-baseline-musl,0,0,0,0
@fabriccode/cli-linux-arm64-musl,0,0,0,0
@firestitch/codegenerator,0,0,32.6701,0
dotnet-sdk-2.2-win-x64,0,0,0,0
mkschart-react-native-latest,0,0,4.15,0
matrix-windows-arm64,0,0,0,0
@iy4u/common-client-lib,0,0,19.3681,0
@fabriccode/cli-darwin-x64,0,0,0,0
@aaif/goose-binary-linux-arm64,0,0,0,0
ideavo-code-windows-x64-baseline,0,0,0,0
lark-opencode-darwin-arm64,0,0,0,0
@setprotocol/set-protocol-v2,0,0,450.4216000000001,0
lark-opencode-windows-x64,0,0,0,0
ucd-full,0,0,0,0
deepspeech,0,0,1,0
@divitkashyap/chameleon-tui,0,0,0,0
@altimateai/altimate-code-linux-arm64-musl,0,0,0,0
@joystick.js/db-canary,0,0,100.0025,0
@timewallllll/enhance-claude,0,0,0,0
ideavo-code-linux-arm64-musl,0,0,0,0
@synsci/cli-windows-x64,0,0,0,0
@finbourne/lusid-sdk-angular14,0,0,0,0
@synsci/cli-linux-arm64,0,0,0,0
@fabriccode/cli-windows-x64,0,0,0,0
matrix-darwin-x64-baseline,0,0,0,0
matrix-linux-arm64-musl,0,0,0,0
@itentialopensource/adapter-kubernetes,0,0,10.1667,0
@fabriccode/cli-linux-arm64,0,0,0,0
@babylonjs/react-native-basekit-windows-0-69,0,0,0,0
com.microsoft.mesh.toolkit,0,0,0,0
react-native-bnq-face-verify,0,0,0,0
@lenml/tokenizer-gptoss,0,0,1.6667,0
@synsci/cli-linux-x64-baseline-musl,0,0,0,0
lark-opencode-linux-x64,0,0,0,0
lark-opencode-linux-arm64,0,0,0,0
defcode-linux-x64,0,0,0,0
scu-web-components,0,0,35.545700000000004,0
kpiplus,0,0,250.9106,0
@synsci/cli-linux-x64,0,0,0,0
@rarimo/zkp-gen-iden3,0,0,4.1667000000000005,0
@agilemotion/oui-react-js,0,0,139.7806000000001,0
@cryptomines/cli,0,0,0,0
@fabriccode/cli-darwin-x64-baseline,0,0,0,0
@altimateai/altimate-code-darwin-x64,0,0,0,0
@getgrit/gritql-darwin-universal,0,0,0,0
sudachi,0,0,0,0
mtg-crucible,0,0,37.7896,0
@zkopru/prisma,0,0,6.166600000000001,0
@suns/react-monorepo-nx,0,0,1484.924100000008,0
@stargatefinance/stg-evm-v2,0,0,0,0
finny-linux-x64-baseline-musl,0,0,0,0
@fathyb/carbonyl-macos-arm64,0,0,0,0
@altimateai/altimate-code-windows-arm64,0,0,0,0
react-native-hgraph,0,0,5.5,0
react-native-react-record,0,0,2,0
react-native-unified-contacts,0,0,2,0
idquia,0,0,29.3333,0
matrix-darwin-x64,0,0,0,0
react-native-openalpr,0,0,1,0
@upscalerjs/maxim-denoising,0,0,7.6667000000000005,0
@synsci/cli-windows-x64-baseline,0,0,0,0
serenityapplication,0,0,0,0
npm.dot.test,0,0,0,0
@ubiquity6/client-test-bulk-data,0,0,0,0
coc-sonarlint,0,0,0,0
0byte-opencode-linux-x64-baseline,0,0,0,0
finny-darwin-arm64,0,0,0,0
drill_down_chart,0,0,2.5,0
@wezard/react-native-react-navigation-template,0,0,22.812,0
@dragon-den/banhbao,0,0,0,0
@nhtio/create-vue-lib-starter,0,0,5.2,0
@pstdio/cli-win-arm64,0,0,0,0
reverse-stu-allversions,0,0,0,0
@felixtz/iwsdk-rag-mcp,0,0,5.8332999999999995,0
gambi-windows-x64,0,0,0,0
@somosmona/mona-rn-ui,0,0,51.28699999999999,0
signd-reactnative-sdk,0,0,2,0
@zappway/embeds,0,0,0,0
@doenet/prefigure,0,0,0,0
quirkbot-avr-gcc,0,0,0,0
react-native-easebuzz-sdk,0,0,0,0
hubble-react-ios-binaries,0,0,0,0
@trailstash/ultra,0,0,25.251399999999997,0
@itentialopensource/adapter-vmware_vrealize_orchestrator,0,0,10.1667,0
ultracode,0,0,124.85700000000001,0
@axmit/flow-helper,0,0,5.6668,0
verde-app-linux-x64,0,0,0,0
@mcpmesh/tsuite-linux-x64,0,0,0,0
0byte-opencode-linux-x64-baseline-musl,0,0,0,0
sqlite3-offline,0,0,1,0
@badatgil/expo-mapbox-navigation,0,0,6,0
0byte-opencode-linux-x64,0,0,0,0
@flowaccount/node-icu-tokenizer,0,0,1,0
h1z1-server,0,0,114.80520000000006,0
@piured/engine,0,0,32.3455,0
scorpious_kogo,0,0,1041.5442999999955,0
@commonalityco/studio,0,0,6,0
froala-design-blocks,0,0,1,0
@molybden-apps/molybden-darwin-arm64,0,0,0,0
angular-material-app,0,0,54,0
acp-extension-codex-darwin-x64,0,0,0,0
node-source-han-sans-tc,0,0,0,0
@aaif/goose-binary-win32-x64,0,0,0,0
@postman/pm-bin-linux-arm64,0,0,216.92540000000017,0
barcode4nodejs,0,0,1,0
local-memory-mcp,0,0,4,0
dash_smoothie,0,0,1.5,0
acp-extension-codex-linux-arm64,0,0,0,0
@clidey/whodb-cli-linux-x64,0,0,0,0
@waku/react-native,0,0,0,0
rn-first-app,0,0,3.5,0
@pstdio/cli-linux-arm64,0,0,0,0
@aaif/goose-binary-darwin-x64,0,0,0,0
@getbizi/bizi-win32-x64,0,0,0,0
reusable-react-native-components,0,0,3,0
@bloque/cli,0,0,2,0
finny-windows-x64-baseline,0,0,0,0
centaurus-cli,0,0,148.14429999999993,0
@molybden-apps/molybden-linux-x64,0,0,0,0
@itentialopensource/adapter-firemon_securitymanager,0,0,10.1667,0
@pstdio/cli-linux-arm64-musl,0,0,0,0
@grconrad/vscode-binaries,0,0,0,0
finny-linux-x64-baseline,0,0,0,0
matrix-linux-arm64,0,0,0,0
@dxos/cli-linux-x64,0,0,0,0
emoji-datasource-split,0,0,1,0
desktop-manager,0,0,9.75,0
lark-opencode-linux-arm64-musl,0,0,0,0
node-3scale-cli,0,0,22.827699999999993,0
@lloyal-labs/lloyal.node-linux-x64-vulkan,0,0,0,0
finny-linux-x64-musl,0,0,0,0
finny-darwin-x64,0,0,0,0
usbabynames,0,0,0,0
@apoorva2405/uxp-devtools-app,0,0,3,0
@molybden-apps/molybden-darwin-x64,0,0,0,0
aspose.cells.node.darwin.x64,0,0,0,0
argo-audit-bots,0,0,0,0
finny-linux-x64,0,0,0,0
@aaif/goose-binary-darwin-arm64,0,0,0,0
@iwsdk/reference-assets,0,0,0,0
@getbizi/bizi-win32-arm64,0,0,0,0
@cryptox/mines,0,0,0,0
artastra,0,0,0,0
@babylonjs/react-native-basekit-windows-0-71,0,0,0,0
as-c-neo-scss,0,0,11,0
@alpaca-finance/alpaca-contract,0,0,1452,0
matrix-windows-x64-baseline,0,0,0,0
@naniteninja/itinerary-lib,0,0,0,0
matrix-darwin-arm64,0,0,0,0
@x-cmd-pkg/rust,0,0,0,0
@lloyal-labs/lloyal.node-linux-x64-cuda,0,0,0,0
my-react-java,0,0,1,0
r-ttt-2,0,0,157.5845,0
@ironfish/rust-nodejs-linux-arm64-gnu,0,0,0,0
matrix-linux-x64,0,0,0,0
finny-linux-arm64-musl,0,0,0,0
@codemieai/codemie-opencode-linux-x64-baseline,0,0,0,0
@plot-ai/linux-x64-musl,0,0,0,0
chuggume,0,0,0,0
aistub,0,0,0,0
@codemieai/codemie-opencode-linux-x64-musl,0,0,0,0
@celo/celo-devchain,0,0,3,0
nativescript-ffmpeg-plugin-fixed,0,0,1,0
@git-glint/nodegit,0,0,4,0
@material-symbols-svg/astro,0,0,8152.0002,0
corporisdistinctio,0,0,3,0
finny-windows-x64,0,0,0,0
procbay-schema,0,0,38.9081,0
@ip-location-db/dbip-city-mmdb,0,0,0,0
@codemieai/codemie-opencode-linux-x64,0,0,0,0
@ignored/edr,0,0,1,0
@codemieai/codemie-opencode-linux-x64-baseline-musl,0,0,0,0
@dxos/cli-darwin-x64,0,0,0,0
finny-darwin-x64-baseline,0,0,0,0
@here/harp-fontcatalog,0,0,0,0
@toolkit-cli/toolkode-windows-x64-baseline,0,0,0,0
react-native-animated-scroll-modal,0,0,6,0
wifi-rtt-module,0,0,4,0
@sayduck/gltf-pipeline,0,0,12.405500000000002,0
prabhatacharya,0,0,0,0
avvo-styleguide,0,0,7.2667,0
finny-linux-arm64,0,0,0,0
@pstdio/cli-win-x64,0,0,0,0
asherah-linux-arm64-gnu,0,0,0,0
@reclaimprotocol/zk-fetch,0,0,0,0
humancode-linux-x64,0,0,0,0
@involvex/prompt-enhancer,0,0,20.9547,0
@plot-ai/linux-x64-gnu,0,0,0,0
node-dev-x,0,0,0,0
@randomlabs/slate-windows-x64-baseline,0,0,0,0
@dreamwalk-os/react-native-apollo-template,0,0,10.0667,0
react-native-paper-time-duration,0,0,49.036699999999996,0
@material-symbols-svg/svelte,0,0,8151.0002,0
@synonymdev/react-native-ldk,0,0,8.6,0
node-source-han-sans-k,0,0,0,0
termeet-cli-linux-x64,0,0,0,0
@molybden-apps/molybden-linux-x64-debug,0,0,0,0
xiansakana-blog-img,0,0,0,0
@openim/electron-client-sdk,0,0,0,0
@lloyal-labs/lloyal.node-linux-arm64-vulkan,0,0,0,0
@aaif/goose-binary-linux-x64,0,0,0,0
@mcpmesh/tsuite-linux-arm64,0,0,0,0
react-native-cq-short-video,0,0,2,0
@ironsoftware/ironpdf-engine-windows-x86,0,0,0,0
@connext/smart-contracts,0,0,505.47389999999984,0
cordage-enterprise,0,0,0,0
my-rn-ads,0,0,11.866499999999998,0
jadetam-dotfiles,0,0,0,0
finny-windows-arm64,0,0,0,0
react-native-agoraio,0,0,1,0
@comapeo/nodejs-mobile-react-native,0,0,0,0
@mcpmesh/tsuite-darwin-x64,0,0,0,0
@toolkit-cli/toolkode-windows-arm64,0,0,0,0
@dharmaprotocol/contracts,0,0,6.6667,0
cordova-plugin-hybridrtc,0,0,0,0
@plot-ai/linux-arm64-gnu,0,0,0,0
lambinator,0,0,0,0
fixparser-plugin-cli,0,0,0,0
dota2-fork,0,0,82.33089999999999,0
@mcpmesh/tsuite-darwin-arm64,0,0,0,0
zego-express-engine-electron-private,0,0,2.375,0
@gocodingnow/rn-better-boilerplate,0,0,10.6667,0
@hytopia.com/assets,0,0,0,0
iiif-annotator,0,0,15,0
jscenekit,0,0,97.75099999999993,0
@gocodingnow/rn-native-base-boilerplate,0,0,8.5,0
live2d-models-storage,0,0,0,0
@material-symbols-svg/react-native,0,0,8153,0
@mida-design/react-native-component,0,0,0,0
@teunlao/code-consolidator,0,0,11,0
verde-app-darwin-arm64,0,0,0,0
aether-slm-framework,0,0,3.3333,0
yt-dlp-static,0,0,0,0
solvebio-dash-components,0,0,675.4977999999994,0
@pikabohenkeai/explorer,0,0,0,0
@tts_openapi_devmcp/tts-openapi-dev-mcp-test,0,0,0,0
@cvr/stacked,0,0,0,0
versuno-cli-windows-x64,0,0,0,0
senapt-tomato,0,0,0,0
capacitor-mapbox,0,0,2,0
react-native-heremaps-bridge,0,0,2,0
asherah-linux-arm64-musl,0,0,0,0
calvin-network-tools,0,0,49.71079999999999,0
@amazon-sumerian-hosts/three,0,0,3.4167,0
cordova-plugin-scanplate,0,0,0,0
font6pro,0,0,0,0
@synsci/cli-linux-x64-musl,0,0,0,0
echarts-china-cities-js,0,0,0,0
vibecanvas-linux-x64,0,0,0,0
@lloyal-labs/lloyal.node-linux-arm64-cuda,0,0,0,0
dope-rn-nmap,0,0,0,0
ffmpeg-helper,0,0,0,0
native-browser-deps-linux,0,0,0,0
@promakeai/dbcli,0,0,0,0
@babylonjs/react-native-basekit-windows-0-70,0,0,0,0
retypeapp-darwin-arm64,0,0,0,0
com.spellboundar.audio-tools,0,0,0,0
@oven/zig-linux-x64,0,0,0,0
@things-factory/scene-urdf,0,0,5.8334,0
@silicogenai/silicogen-cli-linux-x64-baseline-musl,0,0,0,0
gitduck,0,0,3,0
react-native-component-library-template-demo,0,0,3.5,0
@dolthub/commit-graph,0,0,31.450000000000003,0
@molybden-apps/molybden-darwin-arm64-debug,0,0,0,0
ailtire,0,0,195.4719999999999,0
aglint,0,0,5,0
@dragon-den/drapkg,0,0,0,0
treky-cli,0,0,0,0
@sapphi-red/dtln-web,0,0,3.8333,0
@elsa-workflows/elsa-studio-wasm-react,0,0,0,0
focalors,0,0,11.5538,0
com.hikky.heliodorlib,0,0,0,0
dicomweb-proxy,0,0,11.3566,0
wink-embeddings-sg-100d,0,0,0,0
react-native-onfido-sdk,0,0,2,0
foxpay-native-module,0,0,0,0
calibration,0,0,22.7,0
react-offline-map,0,0,8.001000000000001,0
cookie987-assets,0,0,0,0
ding-blogdemo,0,0,0,0
shuvcode-linux-x64-baseline-musl,0,0,0,0
@songxin/opencode-linux-x64,0,0,72.87280000000001,0
sumi-fonts,0,0,0,0
cputil-node,0,0,2,0
@silicogenai/silicogen-cli-linux-x64-musl,0,0,0,0
gg.easy.airship,0,0,0,0
postgresql-dist-darwin-x64,0,0,0,0
@ngcloudsec/cdxgen-plugins-bin,0,0,0,0
@zk-kit/semaphore-artifacts,0,0,0,0
@gabrieleroncolato/emception-core,0,0,1,0
@wiggumdev/ralph-windows-x64,0,0,0,0
@jonbrennecke/react-native-camera,0,0,0,0
@dxos/cli-linux-arm64,0,0,0,0
bdk-rn,0,0,34.034099999999995,0
opengit-linux-x64-baseline,0,0,0,0
cadviewer-conversion-server,0,0,3.5,0
com.wikitude.phonegap.wikitudeplugin,0,0,0,0
@extjs/sencha-cmd-macos-jre,0,0,1,0
@silicogenai/silicogen-cli-windows-x64-baseline,0,0,0,0
@silicogenai/silicogen-cli-linux-x64-baseline,0,0,0,0
manual-html,0,0,0,0
obs-studio-node-secondary,0,0,4.25,0
@licensespring/node-sdk,0,0,27.744699999999995,0
@dxos/cli-darwin-arm64,0,0,0,0
@silicogenai/silicogen-cli-linux-arm64-musl,0,0,0,0
@dragon-den/install-jdk-11,0,0,0,0
@runanywhere/onnx,0,0,2,0
react-native-bd-asr,0,0,0,0
@fentest/comps,0,0,25.6667,0
@atrvd/onsteroids,0,0,14.3599,0
@fxyyf-test/react-native-harmony,0,0,3,0
@dxos/cli-win32-x64,0,0,0,0
react-native-microscope,0,0,2,0
nextpnr,0,0,1,0
react-native-zcash,0,0,1,0
postgresql-dist-darwin-arm64,0,0,0,0
tsbinddotnet,0,0,0,0
@fhir-typescript/r4-core,0,0,1083.218600000001,0
@synsci/cli-linux-arm64-musl,0,0,0,0
pb-ngx-toast,0,0,12,0
@plot-ai/win32-x64-msvc,0,0,0,0
dolphin888,0,0,0,0
shuvcode-linux-x64-baseline,0,0,0,0
react-native-opencv3,0,0,2.1667,0
react-native-light-color-picker,0,0,9.916599999999999,0
@logo-rn/template,0,0,1,0
opengit-linux-arm64,0,0,0,0
shuvcode-linux-x64-musl,0,0,0,0
shuvcode-windows-x64,0,0,0,0
@milaboratories/tengo-tester,0,0,2,0
@internxt/rn-crypto,0,0,3,0
@crypto-frontmatter/eip155-1-erc20,0,0,1.9999,0
@silicogenai/silicogen-cli-windows-x64,0,0,0,0
cstiedr,0,0,0,0
react-native-alpha-scroll-flat-list-haptic,0,0,3,0
@jchinkle/react-arborist,0,0,17.996599999999994,0
@runanywhere/llamacpp,0,0,2,0
cordova-plugin-jitsi-meet,0,0,0,0
xp.network,0,0,19.562100000000004,0
react-able-player,0,0,0,0
opengit-windows-x64-baseline,0,0,0,0
quadsystems-data-test,0,0,0,0
moorhen,0,0,0,0
@glomex/glomex-dialog,0,0,1,0
react-native-native-toast-library123,0,0,9.2758,0
generator-dgp-web-aspnetcore,0,0,9,0
hubble-react-native,0,0,0,0
@herdwatch/sentry-cordova,0,0,9.833300000000001,0
react-native-arabic-numbers,0,0,3.3333,0
@gnolang/gnonative,0,0,19.833399999999997,0
my-app-firebase-plugin,0,0,1,0
longport-linux-x64-gnu,0,0,0,0
geojson-cn,0,0,0,0
bun-webkit-linux-amd64-lto,0,0,0,0
@offline-protocol/mesh-sdk,0,0,3,0
io.magicave.solid-unity,0,0,0,0
@acentera/node,0,0,0,0
cloudify-ui-components,0,0,1781.4614999999994,0
inertialrush-game-test,0,0,3.9444,0
bun-webkit-linux-arm64-lto,0,0,0,0
@three-em/node,0,0,1,0
@molybden-apps/molybden-darwin-x64-debug,0,0,0,0
amazon-sumerian-hosts-polly-optimized,0,0,19.951400000000003,0
@cromwell/admin-panel,0,0,4,0
@wiggumdev/ralph-windows-x64-baseline,0,0,0,0
opengit-linux-x64,0,0,0,0
retypeapp-win-x64,0,0,0,0
@unomed/react-native-matrix-sdk,0,0,11.547199999999998,0
bun-webkit-linux-arm64,0,0,0,0
react-native-android-toast,0,0,1,0
react-viro-sw,0,0,75.702,0
bun-webkit-macos-arm64-lto,0,0,0,0
react-native-stockfish-chess-engine,0,0,0,0
meva-app-plugin-firebase,0,0,1,0
node-java-fhir-validator,0,0,1068.3966,0
react-offline-map-2,0,0,7.501,0
@coinbase/waas-sdk-react-native,0,0,0,0
shuvcode-windows-x64-baseline,0,0,0,0
shuvcode-linux-arm64-musl,0,0,0,0
embedpdf-snippet-i18n,0,0,1,0
@fugood/react-native-skia,0,0,935.260399999999,0
opengit-windows-x64,0,0,0,0
react-native-template-minimal-ts-lint-husky,0,0,1,0
ishtms-editor,0,0,28.000699999999984,0
rn-initapp-typescript-template,0,0,1,0
zipy_sdk_abhiram_testing,0,0,3.1904,0
react-native-outline-scanner,0,0,0,0
ozybase,0,0,0,0
@adunne09/waldo-linux-x64,0,0,0,0
portablegit,0,0,59.4249,0
@lightprotocol/cli,0,0,16.8518,0
testing_npm_project_1,0,0,1,0
react-native-module-calender,0,0,0,0
zoomv8,0,0,3,0
@arifodev/react-viro,0,0,26.583499999999997,0
dms-control-package,0,0,19.7928,0
@go-len/go-len-runtime-linux,0,0,0,0
dynatrace-cordova-plugin,0,0,7.85,0
large-nft,0,0,6,0
background-removal-node-pjh,0,0,0,0
@op-engineering/react-native-prisma,0,0,8.35,0
fingerprint-me-not,0,0,7.6667,0
justlovesmile-img,0,0,0,0
STEPNode,0,0,0,0
@eugustavo/progen,0,0,7.1667,0
grnsight,0,0,32.783,0
retypeapp-darwin-x64,0,0,0,0
@bubolabs/wallet-rn-sdk,0,0,12.7222,0
shuvcode-linux-arm64,0,0,0,0
expo-androidwebviewdetector,0,0,2,0
@idosal/agentcraft,0,0,83.93999999999998,0
cacatoo,0,0,6.6,0
xingshu-coder,0,0,8.3111,0
rn-offline-tts,0,0,0,0
@processandtools/rp-article-designer,0,0,0,0
childtwo,0,0,1,0
@lobehub/fluent-emoji-modern,0,0,0,0
@next/rs,0,0,0,0
termeet-cli-darwin-x64,0,0,0,0
cytoscape-cx2js,0,0,3.4667000000000003,0
schematic-nest-server-gamechanger,0,0,1,0
tree-sitter-systemverilog,0,0,1.5,0
@monax/blackstone,0,0,27.123099999999994,0
@go-len/go-len-runtime-windows,0,0,0,0
termeet-cli-darwin-arm64,0,0,0,0
react-native-template-capichi,0,0,5.6667,0
sdn-emception,0,0,0,0
cumnulla,0,0,3,0
earthsdk3-assets,0,0,0,0
@0xb/icbc-helper,0,0,0,0
tfjs-cifar10-web,0,0,1,0
@moveindustries/movement-cli,0,0,7.7667,0
runing-monitor,0,0,9.936499999999999,0
dotcms-cli-demo,0,0,0,0
@around25/react-native-swipe-pager,0,0,3.25,0
luxstaynpm1,0,0,2,0
generator-titpl,0,0,0,0
papersgpt-for-zotero,0,0,0,0
@coffree/cli-linux-x64,0,0,0,0
jp.supertask.shaderlibcore,0,0,0,0
@mapgis/mobile-react-native,0,0,51.43170000000002,0
megaten,0,0,9.583300000000001,0
@lobehub/fluent-emoji-anim-2,0,0,0,0
@fugood/node-whisper-linux-arm64-cuda,0,0,0,0
barryimg,0,0,0,0
@mlx-node/core-darwin-arm64,0,0,0,0
@molybden-apps/molybden-win-x64-debug,0,0,0,0
youshan-admin,0,0,0,0
amazon-sumerian-hosts,0,0,19.951399999999992,0
com.beanbag.firebase.app,0,0,0,0
react-native-crispyshot,0,0,10.166699999999999,0
forestal-prod,0,0,0,0
react-native-air-component,0,0,2,0
react-native-template-nrt,0,0,5,0
firebase-ios-sdk,0,0,0,0
@jasonczc/haqi-linux-x64,0,0,0,0
scenegis-vue,0,0,4,0
fapro-free,0,0,0,0
termeet-cli-windows-x64,0,0,0,0
applyby-clients,0,0,18.8429,0
uwebsockets,0,0,6,0
@srdcloud/codefree-windows-x64,0,0,0,0
termeet-cli-linux-arm64,0,0,0,0
cordova-plugin-ffmpeg,0,0,0,0
@3kmfi6hp/nodejs-proxy,0,0,3,0
nectarjs_external,0,0,0,0
@srdcloud/codefree-windows-x64-baseline,0,0,0,0
@openhistoricalmap/map-styles,0,0,0,0
@beeai/cli,0,0,0,0
gamernotitle-oss,0,0,0,0
dnm-node-cep-ffmpeg-installer,0,0,1,0
contactuseditor,0,0,1,0
@srdcloud/codefree-linux-x64-baseline,0,0,0,0
@adunne09/waldo-linux-arm64,0,0,0,0
cordova-plugin-gaode,0,0,0,0
retypeapp-win-x86,0,0,0,0
@srdcloud/codefree-linux-x64-musl,0,0,0,0
@srdcloud/codefree-linux-x64,0,0,0,0
react-native-openalpr2,0,0,0,0
node-yt-dl-cli,0,0,1,0
@idnow/react-autoident,0,0,10,0
skeleton-loading-test,0,0,1,0
ffprobe-static-arm64,0,0,1,0
@zzp123/hapi-win32-x64,0,0,0,0
vibecanvas-windows-x64-baseline,0,0,0,0
@pyodide/pyodide,0,0,0,0
drizzle-gen,0,0,0,0
c-tools-js,0,0,0,0
@fathym/public-web,0,0,0,0
verde-app-darwin-x64,0,0,0,0
@tokamak-network/thanos-contracts,0,0,0,0
webtask-preprocess-pylib1,0,0,0,0
moonbeam-tools,0,0,69.9709,0
commoncomponent,0,0,3.75,0
stdx-mac,0,0,0,0
@srdcloud/codefree-linux-x64-baseline-musl,0,0,0,0
@mantleio/contracts-bedrock,0,0,425.63759999999996,0
termeet-cli-windows-arm64,0,0,0,0
@zzp123/hapi-linux-x64,0,0,0,0
react-native-sip2,0,0,3.0833,0
lx-blog,0,0,0,0
zcmumi,0,0,0,0
stdx-linux,0,0,0,0
@knotel/transportation,0,0,8.1667,0
genshin-data,0,0,1,0
@raxbkdn/admin-systeem,0,0,0,0
pakkk-instagram-api,0,0,31.4224,0
@4based/moment-editor,0,0,718.9764000000008,0
react-native-gomobile-ipfs,0,0,1,0
@andatoshiki/toshiki-cdn,0,0,8.9999,0
electroluxasset,0,0,0,0
react-apple-color-emoji,0,0,3657,0
react-native-rasa,0,0,3,0
@good-i-deer/node-red-contrib-object-detection,0,0,2,0
test-r3f-project,0,0,1.5,0
dotnet-sdk-3.0-win-x64,0,0,0,0
react-native-mika,0,0,2,0
vibecanvas-windows-x64,0,0,0,0
klawcomponents,0,0,1,0
stdx-win,0,0,0,0
@adunne09/waldo-windows-x64,0,0,0,0
epochcli-ai-linux-x64-musl,0,0,0,0
vibecanvas-linux-x64-baseline,0,0,0,0
@electron-fonts/noto-serif-hk,0,0,0,0
fleetops-os-update,0,0,0,0
@prisma/react-native,0,0,8.35,0
@sanduc/ocr-models,0,0,0,0
@lifter/lifter-app,0,0,16.3333,0
pux-react,0,0,5.1667000000000005,0
yyz1,0,0,0,0
@silicogenai/silicogen-cli-linux-x64,0,0,0,0
@bentley/imodel-selector,0,0,1,0
@adunne09/waldo-darwin-x64,0,0,0,0
@zk-email/sdk,0,0,3.75,0
joyjet-react-native-template,0,0,9.3333,0
darchainprotocol,0,0,0,0
rn_phylloconnect,0,0,1,0
asposepdfnodejs,0,0,0,0
react-native-nitro-tor,0,0,0,0
@based/uws,0,0,0,0
stream-chat-template-react-native,0,0,1,0
retypeapp-linux-arm64,0,0,0,0
@pubm/windows-arm64,0,0,0,0
@command-center/command-center-win-x64,0,0,0,0
@bgoonz11/repoutils,0,0,0,0
atmosx-nwws-parser,0,0,3.4667,0
@musashishao/agent-kit,0,0,5.5,0
@type_of/contract-gui,0,0,4,0
@yglabs/mcp-http2stdio-internal,0,0,1,0
react-native-zano,0,0,5.3332999999999995,0
mokam,0,0,5,0
react-native-floating-hearts,0,0,5,0
@pubm/windows-x64,0,0,0,0
react-native-coachmarks,0,0,4.8571,0
@ciic/el-ui,0,0,7.5,0
@mdclone/core,0,0,0,0
@lighthouseapps/makeup,0,0,1,0
@mindbox/frontend,0,0,8.5,0
@adobe/spectrum-tokens-deprecated,0,0,0,0
shuwang-pro-layout,0,0,20.260199999999994,0
@command-center/command-center-linux-x64,0,0,0,0
ggez-js,0,0,868.7940000000008,0
rn-dogo-deepar-ivs,0,0,2.6668,0
epochcli-ai-linux-arm64,0,0,0,0
@pubm/windows-x64-baseline,0,0,0,0
coc-powershell,0,0,2,0
hl7.fhir.r4.examples,0,0,0,0
@apache-royale/royale-js,0,0,4.5834,0
epochcli-ai-linux-x64-baseline,0,0,0,0
webtask-preprocess-pylib2,0,0,0,0
xod-cli,0,0,8.2727,0
@randomlabs/slate-linux-x64-baseline-musl,0,0,0,0
ironcode-linux-x64-modern,0,0,0,0
inferra-llama,0,0,3,0
background-removal-pjh,0,0,0,0
veritatisquam,0,0,210.04440000000008,0
vassonic-webview,0,0,1,0
ccxt-rest,0,0,133.1412,0
react-native-easy-downloader,0,0,2,0
livekit-react-native,0,0,3,0
@wangyaoshen/remux,0,0,15,0
automagik-forge,0,0,0,0
@youssefhenna/expo-mapbox-navigation,0,0,6,0
whisper-addon,0,0,0,0
samba-uploader,0,0,14.029599999999999,0
webbuilder-ide-packages,0,0,96.26230000000002,0
react-native-android-ffmpeg-wrapper,0,0,0,0
@srdcloud/codefree-linux-arm64,0,0,0,0
@srdcloud/codefree-linux-arm64-musl,0,0,0,0
@mugzie/ai-council-linux-arm64,0,0,0,0
fn-ai-windows-x64-baseline,0,0,0,0
@skyispainted/hapi-linux-arm64,0,0,0,0
@silicogenai/silicogen-cli-linux-arm64,0,0,0,0
packphoto,0,0,0,0
@versesdev/hsml-viewer,0,0,0,0
daimazun,0,0,3.7286,0
@dagangan/uikit,0,0,90.95379999999997,0
fog-controller,0,0,87.27539999999998,0
eth-hbwallet,0,0,0,0
drizzy-agent-windows-x64,0,0,0,0
rn-leanback,0,0,1,0
@srdcloud/codefree-darwin-x64-baseline,0,0,0,0
@ogdev/opencode-crew-linux-x64,0,0,0,0
@srdcloud/codefree-darwin-x64,0,0,0,0
senapt-assured,0,0,0,0
@solana-mobile/solana-mobile-dapp-scaffold,0,0,1,0
@cajacko/template,0,0,31.604799999999997,0
reactnativecountryfetch,0,0,1,0
@go-len/go-len-runtime-macos,0,0,0,0
zyl-cli-easy,0,0,245.3328,0
cwpm,0,0,4.5555,0
@intersystems/intersystems-iris-native,0,0,10.5333,0
react-native-third-party-keyboard,0,0,0,0
react-native-baidu-tts,0,0,0,0
lenz_rn_demo,0,0,0,0
@command-center/command-center-macos-arm64,0,0,0,0
dtl_runpda,0,0,2.45,0
@thezzisu/rolldown,0,0,0,0
idle-coder,0,0,9.1704,0
@tony370/lib-whatsapp-receiver,0,0,8.25,0
crossplatformapp,0,0,5,0
react-native-c8osdk,0,0,10.85,0
@srdcloud/codefree-windows-arm64,0,0,0,0
@initia/builder.js,0,0,5.7334000000000005,0
aid-desktop,0,0,0,0
ashu-new-workflow,0,0,3.1667,0
infinitymint-bt,0,0,81.0711,0
@kastlesystems/react-native-kastlesdk,0,0,4,0
@freetiler/watercolor,0,0,0,0
hary-bot,0,0,6.75,0
@mcpengine/win32-x64,0,0,0,0
opencode-collab-darwin-arm64,0,0,0,0
@nsalerni/ncode-linux-x64,0,0,0,0
@cloudideaas/hydrainstall,0,0,2.3333,0
cordova.plugin.zoom,0,0,0,0
awesom,0,0,1,0
uniapp-native-ios-part1,0,0,0,0
@melonproject/smart-contracts,0,0,10.0833,0
opencode-collab-windows-x64,0,0,0,0
rnn_notification,0,0,3,0
@jonbrennecke/react-native-media,0,0,0,0
playscape-windows-x64,0,0,0,0
@gzued/antd-compiled,0,0,4375.299199999959,0
@bigtimebuddy-dev/install-stress-test,0,0,0,0
ryugraph,0,0,11.9165,0
@palettegear/boost,0,0,0,0
@command-center/command-center-linux-arm64,0,0,0,0
@aivsw/icon,0,0,0,0
@isdk/llama-node-linux-x64-cuda-ext,0,0,0,0
codeblog-app-windows-x64,0,0,0,0
@dragon-den/install-jdk-17,0,0,0,0
@isdk/llama-node-linux-x64-cuda,0,0,0,0
web-twain-plus,0,0,0,0
inconz,0,0,0,0
vscode-plugin,0,0,0,0
vbb-trips,0,0,0,0
cordova-plugin-openalpr,0,0,0,0
kaspa-wasm32-sdk-web,0,0,0,0
@microsoft/inshellisense-darwin-arm64,0,0,0,0
@thecorporation/server-linux-x64-gnu,0,0,0,0
@mugzie/ai-council-darwin-x64,0,0,0,0
@nodeflow-network/bin-linux-x64,0,0,0,0
we0-pkg,0,0,0,0
node-source-han-sans-hc,0,0,0,0
@ebowwa/coder,0,0,1,0
@gitspace/linux-arm64,0,0,0,0
node-addon-aclas,0,0,1.5,0
aboocode-windows-x64-baseline,0,0,0,0
native-sample-app,0,0,2.5,0
react-native-apple-login,0,0,2,0
fortnite-replay-analysis,0,0,0,0
spicedb-embedded-linux-arm64,0,0,0,0
@nwjs-binaries/win-x64,0,0,0,0
numasec-linux-x64-baseline-musl,0,0,0,0
opencode-ai-nofc-linux-x64,0,0,0,0
react-native-document-reader-core-fullrfid-beta,0,0,0,0
opendocker-windows-x64,0,0,0,0
react-native-baidu-asr-l,0,0,0,0
@milkio/cookbook-win32-x64,0,0,0,0
jdeploy,0,0,0,0
dfcode-linux-arm64,0,0,0,0
@parham125/5zkrz29sebba,0,0,0,0
@kie-tools/jitexecutor-native,0,0,0,0
@ironsoftware/ironpdf-engine-macos-x64,0,0,0,0
shuvcode-linux-x64,0,0,0,0
jdk11,0,0,11.5833,0
swf-visualizer,0,0,17.6905,0
hdr-viewer,0,0,0,0
@yowasp/nextpnr-ice40,0,0,0,0
react-icons-select,0,0,0,0
trimble-maps-cpik-react-native-library,0,0,0,0
@nodeflow-network/bin-darwin-arm64,0,0,0,0
deepclause-agentvm,0,0,3,0
epochcli-ai-windows-x64,0,0,0,0
epochcli-ai-windows-arm64,0,0,0,0
japan-address-search,0,0,8.1334,0
zego-express-engine-electron-test,0,0,2.375,0
quiiusto,0,0,35,0
@plait-lab/reviz,0,0,15.166599999999999,0
dotnet-sdk-2.2-linux-arm,0,0,0,0
hh-tpl-electron-vue3-vite,0,0,1,0
playscape-linux-arm64,0,0,0,0
dotnet-sdk-2.2-osx-x64,0,0,0,0
@ex-machina/opencode-linux-x64,0,0,0,0
@randomlabs/slate-linux-x64-musl,0,0,0,0
@3dbionotes/pdbe-molstar,0,0,15.416599999999999,0
edmond-wallet-connector,0,0,6,0
ffprobe-static-electron,0,0,1,0
pakkk-twitter-rest-api,0,0,85.48070000000003,0
@yoke233/codex-acp-linux-x64,0,0,0,0
agent-swarm-cli-linux-arm64,0,0,0,0
@nativescript/visionos,0,0,0,0
@mugzie/ai-council-linux-x64,0,0,0,0
ysb-sauce-tunnel,0,0,1,0
drizzy-agent-windows-x64-baseline,0,0,0,0
@involvex/super-agent-cli,0,0,7.522599999999999,0
react-native-facesdk,0,0,3.5,0
iobroker.enocean,0,0,6.837000000000001,0
code0,0,0,0,0
@nodeflow-network/bin-win32-x64,0,0,0,0
ironcode-darwin-arm64,0,0,0,0
playscape-darwin-arm64,0,0,0,0
@renxqoo/renx-code-win32-x64,0,0,0,0
zego-express-engine-electron-whiteboard,0,0,3.375,0
@monolex/codexmono,0,0,2,0
@nsalerni/ncode-windows-x64,0,0,0,0
@yowasp/nextpnr-himbaechel-gowin,0,0,0,0
@nsalerni/ncode-linux-arm64,0,0,0,0
datawoojano,0,0,0,0
fontsource-noto-serif-sc,0,0,0,0
@signalk/tracks,0,0,5.3332999999999995,0
@yoke233/codex-acp-linux-arm64,0,0,0,0
pakkk-headerandqueries,0,0,4.6667,0
@ex-machina/opencode-linux-x64-baseline,0,0,0,0
ffmpeg-ffprobe-yt-dlp-static-electron,0,0,0,0
react-native-video-manager,0,0,3.6667,0
defcode-linux-arm64-musl,0,0,0,0
@nwjs-binaries/linux-x64,0,0,0,0
@microsoft/inshellisense-linux-x64,0,0,0,0
spicedb-embedded-linux-x64,0,0,0,0
@randomlabs/slate-linux-x64,0,0,0,0
@yowasp/nextpnr-machxo2,0,0,0,0
defcode-linux-x64-musl,0,0,0,0
fnaf1-linux,0,0,0,0
opencv4nodejs-m1,0,0,41.232000000000006,0
@devexpress/sauce-tunnel,0,0,1,0
tocotrienol,0,0,0,0
react-native-vcrx-poseidon-lib,0,0,1,0
skjema.no-demo,0,0,24.420800000000003,0
yl-file-pipe14,0,0,0,0
create-poa-crowdsale,0,0,8.7874,0
dotnet-sdk-2.1-linux-x64,0,0,0,0
@xiejiayu/live2d_api,0,0,0,0
evalapp,0,0,0,0
@kiwicom/translations,0,0,2,0
intu-dev,0,0,0,0
dicomweb-pacs,0,0,18.229300000000002,0
@ai-nd-co/codex,0,0,1,0
ironcode-linux-x64-baseline-musl,0,0,0,0
opencode-collab-linux-x64,0,0,0,0
@ofeiss/hapi-win32-x64,0,0,0,0
@ex-machina/opencode-linux-x64-musl,0,0,0,0
epochcli-ai-linux-arm64-musl,0,0,0,0
opencode-collab-darwin-x64,0,0,0,0
@ofeiss/hapi-linux-x64,0,0,0,0
fn-ai-windows-x64,0,0,0,0
react-native-cloud-store-revised,0,0,10.8334,0
@command-center/command-center-macos-x64,0,0,0,0
sanxiaoxing_image,0,0,0,0
@dragon-den/install-elasticsearch-2,0,0,0,0
defcode-linux-arm64,0,0,0,0
bbop-manager-golr,0,0,0,0
@ex-machina/opencode-linux-x64-baseline-musl,0,0,0,0
@slynch-a11y/gatsby-theme-a11y-blog,0,0,53.6678,0
playscape-linux-x64,0,0,0,0
@cdoing/cdoing-tui-linux-x64,0,0,0,0
@yglabs/fabric-dataagent,0,0,1,0
@innovayse/geo-atlas,0,0,16.6627,0
ironcode-linux-x64-baseline,0,0,0,0
satop,0,0,16.0576,0
@arctic-cli/arctic-windows-x64,0,0,0,0
lamprunner,0,0,0,0
opencode-collab-linux-arm64,0,0,0,0
@walkthru-earth/react-native-duckdb,0,0,2,0
@arctic-cli/arctic-linux-x64,0,0,0,0
bin2npm,0,0,0,0
bot_genshin,0,0,13.753100000000002,0
pixicode,0,0,0,0
@jonit-dev/capacitor-plugin-facebook-analytics,0,0,2,0
dotnet-sdk-2.1-win-x64,0,0,0,0
@skyispainted/hapi-win32-x64,0,0,0,0
@argycloud/argy-linux-arm64,0,0,0,0
@yoke233/codex-acp-darwin-x64,0,0,0,0
@pcd/proto-pod-gpc-artifacts,0,0,0,0
ip-location-db,0,0,0,0
v-art-x,0,0,0,0
ironcode-windows-x64-modern,0,0,0,0
@dragon-den/install-elasticsearch-4,0,0,0,0
pakkk-exceptions,0,0,25.522200000000005,0
@valhallajs/valhallajs,0,0,2,0
playscape-darwin-x64,0,0,0,0
nanocode-linux-x64,0,0,61.56040000000001,0
consortium,0,0,15.4559,0
cc-track,0,0,0,0
@bitbloq/borndate,0,0,0,0
defcode-windows-x64-baseline,0,0,0,0
humancode-linux-arm64,0,0,0,0
@gooddollar/v8-android-jit-nointl,0,0,0,0
@agntcy/slim-bindings,0,0,1,0
yt-grabber,0,0,59.6441,0
@uipath/servo,0,0,0,0
lambor33,0,0,10.947599999999998,0
@redflow/cli-bin-windows,0,0,0,0
humancode-darwin-x64,0,0,0,0
thunder-node-sdk-lite-m,0,0,5.5001,0
demucs,0,0,2.1667,0
witnet-solidity-bridge,0,0,1.8333,0
react-native-document-reader-core-full-beta,0,0,0,0
@amihhs/quickly-dev-exe,0,0,0,0
@bitmain/components-tree,0,0,6,0
@cotctl/cli-linux-x64,0,0,0,0
@skyispainted/hapi-linux-x64,0,0,0,0
@argycloud/argy-linux-x64,0,0,0,0
@argycloud/argy-windows-x64-baseline,0,0,0,0
patchy-cli-windows-x64,0,0,0,0
@antcube/capnp,0,0,2,0
puppeteer-ci-driver,0,0,2,0
which-lang,0,0,1,0
playscape-darwin-x64-baseline,0,0,0,0
@jlovec/zhushen-win32-x64,0,0,0,0
phaser3_gui_inspector,0,0,6.066799999999999,0
paddleocr-js,0,0,0,0
@randomlabs/slate-linux-x64-baseline,0,0,0,0
gyqguo-sakura,0,0,0,0
antv-form-design,0,0,0,0
@slippilab/viewer,0,0,91.2204,0
rep_concepts,0,0,96.2976,0
@madbean/geolocations,0,0,2.6667,0
raise-common-lib-new,0,0,0,0
spicedb-embedded-win32-x64,0,0,0,0
glooit,0,0,0,0
playscape-linux-x64-baseline,0,0,0,0
cordova-admobsdk,0,0,0,0
res-react-intl,0,0,0,0
@zf-web-font/sourcehansanscn,0,0,0,0
mypackage-webbuilder,0,0,98.55990000000003,0
@ex-machina/opencode-darwin-arm64,0,0,0,0
manual-markdown,0,0,0,0
voluptatesiusto,0,0,29.3333,0
defcode-darwin-x64-baseline,0,0,0,0
uniapp-native-ios-part2,0,0,0,0
emacsadventures,0,0,0,0
ephe,0,0,0,0
mac-hbuilderx-plugin-jre,0,0,0,0
supreium-headless-gl,0,0,12.211,0
humancode-linux-x64-musl,0,0,0,0
@growth99_plus/ngx-mat-tel-input,0,0,5,0
claudeship,0,0,11,0
pakkk-petstore-heroku,0,0,7.0001,0
@lenml/tokenizer-gemma2,0,0,1.6667,0
@alan-ai/alan-sdk-react-native,0,0,0,0
world-postalcodes,0,0,0,0
@dragon-den/djdk,0,0,0,0
@nwjs-binaries/osx-x64,0,0,0,0
@arctic-cli/arctic-darwin-arm64,0,0,0,0
react-native-radaeepdf,0,0,5.8332999999999995,0
@dragon-den/install-elasticsearch-1,0,0,0,0
nanocode-windows-x64,0,0,61.56040000000001,0
@overlayed/electron,0,0,2,0
defcode-windows-x64,0,0,0,0
nanocode-darwin-arm64,0,0,61.56040000000001,0
react-native-deepar-livestream,0,0,2.6668,0
@innotrade/enapso-graphdb-cli,0,0,2,0
@yoke233/codex-acp-win32-x64,0,0,0,0
hbuilderx-plugin-uts-development-android,0,0,0,0
@yoke233/codex-acp-darwin-arm64,0,0,0,0
@docsagent/docsagent,0,0,0,0
metacom-space-build,0,0,0,0
humancode-darwin-x64-baseline,0,0,0,0
heimdall-lite,0,0,6,0
justlovesmile-photo,0,0,0,0
mysql-server-8-win-x64,0,0,2,0
ffmpeg-static-electron-jdp,0,0,1,0
nw_downloader_bps,0,0,0,0
runebase-prediction-server,0,0,29.080399999999997,0
com.github.asus4.onnxruntime-genai,0,0,0,0
dotnet-sdk-2.1-osx-x64,0,0,0,0
humancode-linux-x64-baseline-musl,0,0,0,0
humancode-linux-arm64-musl,0,0,0,0
@tts_openapi_devmcp/tts-openapi-dev-mcp,0,0,0,0
bincode-dev-darwin-arm64,0,0,117.12080000000002,0
@jlovec/zhushen-linux-x64,0,0,0,0
objectum-firewall,0,0,2,0
@cdoing/cdoing-tui-windows-x64,0,0,0,0
@randomlabs/slate-windows-x64,0,0,0,0
@anonymous-dev/0x0-linux-x64-baseline-musl,0,0,0,0
@argycloud/argy-windows-x64,0,0,0,0
@codemieai/codemie-opencode-darwin-x64-baseline,0,0,0,0
defcode-darwin-x64,0,0,0,0
uniapp-native-ios-test-update-part1,0,0,0,0
capacitor-nodejs,0,0,3,0
node-openalpr-shinobi,0,0,2,0
shiden,0,0,5,0
@alexjpaz/cody,0,0,0,0
vuongvt-br,0,0,0,0
bincode-dev-darwin-x64,0,0,117.12080000000002,0
@command-center/command-center-win-x64-baseline,0,0,0,0
@jlovec/zhushen-linux-arm64,0,0,0,0
@shopify/swcify,0,0,4,0
@argycloud/argy-linux-x64-baseline,0,0,0,0
cosynode,0,0,2,0
defcode-linux-x64-baseline,0,0,0,0
humancode-linux-x64-baseline,0,0,0,0
defcode-linux-x64-baseline-musl,0,0,0,0
daliyuer-static,0,0,0,0
@anieo/codegenie-cli-linux-arm64-musl,0,0,0,0
react-native-angusdkobjectivec,0,0,0,0
easy_dash,0,0,4.1667000000000005,0
@anonymous-dev/0x0-server-linux-x64-baseline,0,0,0,0
cputil-standalone,0,0,1.5,0
@ofeiss/hapi-linux-arm64,0,0,0,0
p8,0,0,10,0
@maxlapko/screenshot-glb,0,0,2.5,0
@pyodude/pyodide,0,0,0,0
clothingweb,0,0,9.999999999999998,0
nodefbx,0,0,0,0
reactnative-lightening-wallet-rs,0,0,0,0
fixdog,0,0,4,0
nanocode-linux-arm64,0,0,61.56040000000001,0
mecha-axios-processer,0,0,4,0
@tansuasici/country-state-city,0,0,1,0
@fathyb/carbonyl-linux-arm64,0,0,0,0
@command-center/command-center-win-arm64,0,0,0,0
@avemeva/agent-telegram-linux-x64,0,0,0,0
@xutest1/windows-x64,0,0,0,0
wrapper-meet,0,0,0,0
hzt_sf,0,0,0,0
nativescript-wikitude-chiliz,0,0,2,0
koishi-plugin-to-image-service-font-source-han-mono-sc,0,0,0,0
idg-react-native-plugin,0,0,0,0
codetown,0,0,3,0
@matrixd-dev/test-package-2,0,0,0,0
@adobe/spectrum-express-tokens,0,0,0,0
upscayl-ffmpeg,0,0,0,0
choco-bot,0,0,6,0
castclaw-linux-x64-baseline-musl,0,0,67.6854,0
quran-search-engine,0,0,0,0
newlogic,0,0,22.299300000000006,0
@ex-machina/opencode-windows-x64-baseline,0,0,0,0
@datev/droplocation-cypress-binaries-win32,0,0,0,0
cordova-plugin-cfive-aware-biometrics,0,0,0,0
@kelda/install,0,0,6.6667,0
@anonymous-dev/0x0-linux-arm64-musl,0,0,0,0
ea-iview,0,0,105.9336,0
zarbis-platform-nix-i686,0,0,0,0
@codemieai/codemie-opencode-darwin-x64,0,0,0,0
opentest-actor-mochawesome,0,0,0,0
@matrixd-dev/test-package-3,0,0,0,0
@dragon-den/install-elasticsearch-5,0,0,0,0
zqj-pics,0,0,1,0
ironcode-windows-x64,0,0,0,0
tda-de-current-format,0,0,1,0
@hakuneko/ffmpeg-binaries,0,0,0,0
poker-evaluator-ts,0,0,6.1,0
@ex-machina/opencode-windows-x64,0,0,0,0
humancode-windows-x64,0,0,0,0
tonnel-cli,0,0,0,0
@anjanpoonacha/opencode,0,0,0,0
asp.net,0,0,0,0
ldfdpickh,0,0,0,0
mycrypto-trezor-link,0,0,8.5535,0
@nntoan/gstack-windows-x64,0,0,0,0
@dream11mobile/react-native-fancode-sdk,0,0,5.5417000000000005,0
@pulsefinance/dex-contract,0,0,0,0
nativescript-ffmpeg-plugin,0,0,1,0
server_mmo,0,0,1,0
bamboo-design,0,0,12.875000000000002,0
javajre-linux-64,0,0,0,0
@hamzasaleem2397/react-native-onboarding,0,0,2.25,0
humancode-windows-x64-baseline,0,0,0,0
nanocode-darwin-x64,0,0,61.56040000000001,0
node-droid-language,0,0,1.5,0
foxpay-native-module-dn,0,0,0,0
@here/harp-map-editor,0,0,0,0
@avemeva/agent-telegram-win32-x64,0,0,0,0
webviewer-extension,0,0,0,0
node-openalpr-remastered,0,0,2,0
infinitymint-rm,0,0,73.0842,0
check-translation-files,0,0,2,0
@randomlabs/slate-linux-arm64,0,0,0,0
@tuax-ssr/examples,0,0,2,0
gtwxxh-music,0,0,0,0
@chalda/emojis.json,0,0,0,0
tfjs-cifar10,0,0,0,0
dotnet-sdk-2.2-linux-x64,0,0,0,0
cordova-plugin-document-reader-core-full-beta,0,0,0,0
dotnet-sdk-2.1-win-ia32,0,0,0,0
rhubarb-lip-sync,0,0,0,0
javajre-windows-64,0,0,0,0
epochcli-ai-linux-x64-baseline-musl,0,0,0,0
react-native-blind-threshold-bls,0,0,0,0
@rmbg/model-u2net-cloth,0,0,0,0
@hai.ai/jacs,0,0,19.5135,0
blupr,0,0,0,0
@cotctl/cli-linux-arm64,0,0,0,0
@mobvibe/cli-win32-x64,0,0,0,0
anqila-webgl-star,0,0,0,0
@memoryx/codegraph-mcp,0,0,0,0
evans-sdlpal-source,0,0,0,0
agenttwixorbuild,0,0,1,0
@ai-nd-co/codex-sdk,0,0,0,0
electron-aio,0,0,2,0
@caoshouse/imagick_x64,0,0,0,0
mini-browser,0,0,2,0
@tokenring-ai/writer,0,0,0,0
@thebushidocollective/han-win32-x64,0,0,0,0
github1s-vscode-web,0,0,12.3833,0
@mozilla-voice/stt-cuda,0,0,1,0
three-model-viewer,0,0,19.713900000000002,0
@ardentcode/sports-lib,0,0,287.23239999999976,0
pixiv6,0,0,0,0
nativescript-cv-plugin-ssi,0,0,0,0
@kozi/demo4,0,0,0,0
@stephen-lord/other,0,0,0,0
deviceprofiler,0,0,1,0
@savvyplatform/ffprobe-static,0,0,1,0
pakkk-parameters,0,0,4.6667,0
@hdwebsoft/hdcode-ai-linux-x64,0,0,0,0
nikcli-linux-arm64,0,0,0,0
tryelectronapp,0,0,0,0
react-native-rhspeech,0,0,0,0
devtopai-windows-x64,0,0,0,0
devtopai-windows-x64-baseline,0,0,0,0
myui-bootstrap-kr,0,0,10.3333,0
@arctic-cli/arctic-linux-x64-musl,0,0,0,0
xsk-unity-renderer,0,0,0,0
epochcli-ai-windows-x64-baseline,0,0,0,0
codegenie-windows-x64-baseline,0,0,0,0
hy-rtc-sdk-components,0,0,0,0
@neonlaw/web,0,0,11,0
bcircle-alfresco-installer,0,0,0,0
nativescript-wikitude-socios,0,0,2,0
@runno/sandbox,0,0,2,0
express-nuxt-mongodb,0,0,10.216700000000001,0
snyk-iac-rules,0,0,0,0
bbop-response-barista,0,0,0,0
sumi-assets,0,0,0,0
matrix-operations-112,0,0,0,0
@randomlabs/slate-linux-arm64-musl,0,0,0,0
ldfdfjtp2,0,0,0,0
needvpndl,0,0,0,0
@nori-dot-com/create-create,0,0,15,0
xuanhieu_telegraph,0,0,0,0
@agentmark/cli,0,0,15.083400000000001,0
compendium-cdk,0,0,5.1666,0
@bunchtogether/ffmpeg-static,0,0,0,0
shoplazza-cli,0,0,93.3477,0
com.ant-automation.antcity.textures1.housepack,0,0,0,0
@mach_kernel/maplibre-gl-native,0,0,0,0
pakkk-inheritanceexample-api,0,0,14.450100000000003,0
goodeggs-money,0,0,0,0
com.ant-automation.antcity.textures.propspack,0,0,0,0
@arctic-cli/arctic-linux-arm64-musl,0,0,0,0
node-red-contrib-db2-for-i,0,0,0,0
tacodex,0,0,0,0
@anonymous-dev/0x0-linux-x64,0,0,0,0
@heidi-dang/oh-my-opencode-windows-x64-baseline,0,0,0,0
yyz-image,0,0,0,0
@nntoan/gstack-windows-x64-baseline,0,0,0,0
clearaicdn,0,0,0,0
@parham125/pt7mt2vejjob,0,0,0,0
@lobehub/fluent-emoji-anim-3,0,0,0,0
moshegit,0,0,0,0
@dragon-den/install-elasticsearch-3,0,0,0,0
ffmpeg-bin-static,0,0,1,0
@terminal-code/cli,0,0,0,0
ipfs_kit_js,0,0,3.6487,0
react-native-document-reader-core-full,0,0,0,0
react-native-native-sdk-demo,0,0,3.8334,0
@anieo/codegenie-cli-linux-x64,0,0,0,0
koishi-plugin-vercel-satori-png-service-font-source-han-mono-sc,0,0,0,0
@codemieai/codemie-opencode-linux-arm64-musl,0,0,0,0
@lobehub/fluent-emoji-anim-4,0,0,0,0
writango_srcikpsno,0,0,0,0
@automagik/forge,0,0,0,0
hasl-oss,0,0,0,0
blogcdn,0,0,0,0
@groeimetai/snow-code-linux-x64,0,0,0,0
@anonymous-dev/0x0-linux-x64-musl,0,0,0,0
@heidi-dang/oh-my-opencode-windows-x64,0,0,0,0
@translate-local/tl-win32-x64,0,0,0,0
@fathym/landingpageazure,0,0,0,0
@vitta-health/awsenv,0,0,9.166599999999999,0
pakkk-echo,0,0,4.6667,0
pdfactory,0,0,0,0
lcdp-desktop-template,0,0,11.6723,0
@pyannote-cpp-node/win32-x64,0,0,1,0
@ip-location-db/iplocate-country,0,0,0,0
@xieguanliang/happy,0,0,9.1704,0
opencomic-ai-bin,0,0,0,0
react-native-auto-document-scanner-new,0,0,1,0
expforge,0,0,0,0
ahegao_noises,0,0,0,0
rird-windows-x64-baseline,0,0,0,0
@codemieai/codemie-opencode-linux-arm64,0,0,0,0
@dn0rmand/prime-database,0,0,2,0
bitcore-node-veggie,0,0,25.9133,0
kopsht,0,0,19.1216,0
jam-linux-x64,0,0,0,0
@anonymous-dev/0x0-server-windows-x64,0,0,0,0
@ex-machina/opencode-darwin-x64-baseline,0,0,0,0
worlds-beyond,0,0,0,0
@dragon-den/install-opensearch-1,0,0,0,0
project-setup,0,0,0,0
ableplayer-react,0,0,0,0
@stephen-lord/other2,0,0,0,0
@jirkakrepl/chimpy,0,0,36.705200000000005,0
nextnlpui,0,0,7,0
@matanelcohen/openspace-ai,0,0,40,0
lokocdnms-pkg-02,0,0,0,0
v8-android-tools-macos,0,0,0,0
tgozo-number-plate-scanner,0,0,1,0
@caspertech/node-audio,0,0,3.5,0
cordova-plugin-document-reader-core-full,0,0,0,0
@memvid/cli-darwin-arm64,0,0,0,0
anqila-weblive2d-star,0,0,0,0
rrweb-events-traverser,0,0,2,0
@tachybase/plugin-password-policy,0,0,17.409100000000002,0
mcp-brain,0,0,1.5,0
vcremote-lib,0,0,3.1,0
cypress-bin-mirror,0,0,0,0
seczure.ts,0,0,68.23110000000001,0
react-native-zoom-module,0,0,0,0
@anonymous-dev/0x0-windows-x64-baseline,0,0,0,0
@mc-khaled/npm-semver,0,0,1,0
@kilokilo/ewz-gnb,0,0,0,0
rird-linux-x64,0,0,0,0
ldfdfjtp,0,0,0,0
@ogdev/opencode-crew-windows-x64-baseline,0,0,0,0
@ogdev/opencode-crew-windows-x64,0,0,0,0
@anonymous-dev/0x0-server-linux-arm64,0,0,0,0
coursedio-0snoitadnuof-gnitfard-1sgniward-lacinhcet-gnirolpxe,0,0,0,0
@spenceriam/impulse-windows-x64,0,0,0,0
paul-mt,0,0,0,0
protostuffdb-desktop-setup,0,0,0,0
matrix-engine-wgpu,0,0,46.3141,0
mvcjie,0,0,0,0
kousa,0,0,0,0
@araucariaid/create-ssx-next-dapp,0,0,7.5,0
wm-obs-studio-node,0,0,4.25,0
jmrtc-react-native,0,0,1,0
ibc-web-cm,0,0,0,0
pakkk-bigdecimalexample-api,0,0,7.0001,0
rabbitmq-forward-control,0,0,18,0
react-native-kolbi-opencv,0,0,0,0
@gitspace/darwin-arm64,0,0,0,0
react-native-baidu-map-ld-wu,0,0,2.5,0
@ts4/geo,0,0,0,0
@groeimetai/snow-code-windows-x64,0,0,0,0
react-native-accura-kyc,0,0,0,0
poc-cli-npm,0,0,0,0
rird-linux-x64-baseline,0,0,0,0
react-native-rtmpview,0,0,1,0
@datev/droplocation-cypress-binaries-linux,0,0,0,0
@lenml/tokenizer-gemma,0,0,1.6667,0
@flywave/flywave.gl,0,0,0,0
@pkmn/mods,0,0,15,0
rird-linux-x64-baseline-musl,0,0,0,0
@ox.build/cli-linux-arm64,0,0,0,0
@skillsgate/tui-linux-x64,0,0,0,0
@ai-git/win32-x64,0,0,0,0
@josojo/realitycheck-contracts,0,0,1.5,0
acacia-ma_img,0,0,0,0
com.ant-automation.antcity.vertiports,0,0,0,0
minjupar-bemyfriends-video-player,0,0,4,0
@fermumen/databricks-execute,0,0,0,0
@ohuoy/easymap,0,0,80.79109999999999,0
react-native-baidu-map-wu,0,0,2.5,0
cordova-plugin-firebase-mobiquest,0,0,1,0
cordova-plugin-firebase-modified,0,0,1,0
react_native_simple_youtube,0,0,1,0
@fontpkg/sarasa-mono-sc,0,0,0,0
react-native-monri-android-ios,0,0,0,0
im-button,0,0,2,0
react-native-document-reader-core-fullrfid,0,0,0,0
react-native-panorama-image-view,0,0,0,0
bivcore,0,0,281.28739999999993,0
@constellation-labs/contracts-bedrock,0,0,0,0
@anonymous-dev/0x0-windows-x64,0,0,0,0
aboocode-linux-arm64,0,0,0,0
castclaw-linux-x64-musl,0,0,67.6854,0
io.dcloud.sdk.android,0,0,0,0
rird-linux-arm64,0,0,0,0
rird-linux-arm64-musl,0,0,0,0
agent-swarm-cli-darwin-x64,0,0,0,0
castclaw-darwin-arm64,0,0,67.6854,0
moshewb2,0,0,0,0
@osh-branches/osh-js,0,0,125.22480000000002,0
@critters-rs/critters-linux-arm64-gnu,0,0,0,0
worldofdragons,0,0,0,0
@ox.build/cli-linux-x64,0,0,0,0
@anonymous-dev/0x0-server-linux-x64-baseline-musl,0,0,0,0
@shined/spack-binding-darwin-x64,0,0,0,0
posq-sqlite3,0,0,1,0
@leverj/geoip-lite,0,0,4.4,0
keyclock16,0,0,0,0
gatsby-theme-trong-workspace,0,0,10.666699999999999,0
beassets,0,0,0,0
react-native-openalpr-wink,0,0,0,0
oroute-cli,0,0,24.2414,0
cordova-plugin-firebase-bamobile,0,0,1,0
ffmpeg-bin-electron,0,0,0,0
actanet-browser,0,0,4.1667000000000005,0
hsr-data,0,0,1,0
cocoon-plugin-ads-ios-adcolony,0,0,0,0
@my-servers/myservers,0,0,0,0
@wwawing/all,0,0,0,0
ipa-dict,0,0,0,0
castclaw-linux-x64-baseline,0,0,67.6854,0
@avemeva/agent-telegram-linux-arm64,0,0,0,0
@mcpengine/darwin-x64,0,0,0,0
@arctic-cli/arctic-windows-x64-baseline,0,0,0,0
mticp-npm,0,0,0,0
@anonymous-dev/0x0-linux-x64-baseline,0,0,0,0
@arctic-cli/arctic-linux-x64-baseline-musl,0,0,0,0
@frankqing/hapi-linux-arm64,0,0,0,0
@anonymous-dev/0x0-server-windows-x64-baseline,0,0,0,0
china-administrative-division,0,0,2,0
@arctic-cli/arctic-darwin-x64-baseline,0,0,0,0
hadith,0,0,4,0
bare-llama-cpp,0,0,1,0
@dragon-den/install-opensearch-4,0,0,0,0
rss-skill-cli,0,0,2.3333,0
nodejs.org,0,0,0,0
road-blog-figure,0,0,0,0
@groeimetai/snow-code-linux-arm64,0,0,0,0
@mugzie/ai-council-darwin-arm64,0,0,0,0
totoyevn-engine,0,0,0,0
@wispbit/local,0,0,0,0
effect-devtui,0,0,0,0
academa-gis,0,0,0,0
@spectacular-voyage/kato-darwin-x64,0,0,0,0
@patrickdappollonio/mcp-kubernetes-ro,0,0,0,0
nlptoolkit-wordnet,0,0,32.8192,0
react-native-credit-card-component-mockup,0,0,2.5,0
pakkk-uber-api,0,0,19.500300000000003,0
@expo-google-fonts/chiron-goround-tc,0,0,9,0
standard-html,0,0,1,0
@arctic-cli/arctic-linux-arm64,0,0,0,0
@whisper-cpp-node/win32-x64,0,0,0,0
react-native-awesome-calculator,0,0,2,0
yl-test05-themes,0,0,0,0
@mcpengine/win32-arm64,0,0,0,0
aboocode-linux-x64-baseline-musl,0,0,0,0
@frankqing/hapi-win32-x64,0,0,0,0
orbi-linux-x64,0,0,0,0
qdocker3,0,0,0,0
orangecola-orangeimg,0,0,0,0
lokocdnms-pkg-04,0,0,0,0
@link.me/mcp-windows-x64,0,0,0,0
@sikuligo/bin-win32-x64,0,0,0,0
@artsdatabanken/dump-mbtiles-metadata,0,0,0,0
ljrliu_web_pkg,0,0,6.425000000000001,0
zqlwmatt-cdnjs,0,0,0,0
portal-app-lib,0,0,5,0
node-dexicon,0,0,1.5,0
paper-test-dv2,0,0,0,0
deno-npm,0,0,1,0
timehut-backup,0,0,0,0
pandoc-binary,0,0,1,0
pakkk-swagger-petstore-simple,0,0,12.0002,0
rndemo,0,0,1,0
pangram,0,0,0,0
cordova-plugin-firebase-htb2,0,0,0,0
liftoff-cli,0,0,5.35,0
component_reactnative_login,0,0,2,0
@gitspace/darwin-x64,0,0,0,0
@ripplegroup/cli,0,0,2.3,0
bincode-dev-windows-x64,0,0,117.12080000000002,0
sourcebay-schema,0,0,37.28059999999999,0
@anieo/codegenie-cli-windows-x64-baseline,0,0,0,0
aboocode-linux-x64-baseline,0,0,0,0
aboocode-windows-x64,0,0,0,0
cordova-plugin-document-reader-core-fullrfid,0,0,0,0
financial-review,0,0,27.321500000000004,0
@anonymous-dev/0x0-linux-arm64,0,0,0,0
@yglabs/workiq-mcp-test,0,0,1,0
dimando-ui,0,0,0,0
@yaju810/data-1-2,0,0,1,0
pixiv4,0,0,0,0
rird-linux-x64-musl,0,0,0,0
@ucipass/proxy,0,0,0,0
@lenml/tokenizer-llama3_2,0,0,1.6667,0
@dragon-den/install-opensearch-5,0,0,0,0
@dragon-den/install-opensearch-2,0,0,0,0
@zzp123/hapi-linux-arm64,0,0,0,0
@eliommatrixd/test-128m-1,0,0,0,0
@ffmpeg-binary/linux-x64,0,0,0,0
@depup/next__swc-linux-x64-gnu,0,0,0,0
@skillsgate/tui-win32-x64,0,0,0,0
@anonymous-dev/0x0-server-linux-x64,0,0,0,0
cse110-spatch,0,0,1,0
oh-my-opencode-gpt-slim-linux-x64-baseline,0,0,0,0
@anonymous-dev/0x0-server-linux-x64-musl,0,0,0,0
@anonymous-dev/0x0-server-linux-arm64-musl,0,0,0,0
@noxtara/cli,0,0,0,0
@loastacro/reactnativeopenalpr,0,0,1,0
your-thinker,0,0,6,0
@magicx/assets,0,0,0,0
@tidus/ffmpeg-static,0,0,0,0
pakkk-minimal-api,0,0,4.6667,0
@faizan2002-npm/react-native-painting-scanner,0,0,0,0
goooal-cordova-plugin-firebase,0,0,1,0
quirkbot-arduino-builder,0,0,0,0
situm-cordova-plugin-official-development,0,0,0,0
castclaw-linux-x64,0,0,67.6854,0
@akylas/nativescript-ios-runtime,0,0,0,0
@kie-tools/form-generation-tool,0,0,1,0
@hdwebsoft/hdcode-ai-darwin-arm64,0,0,0,0
brotato-files,0,0,0,0
@aws/aws-tools-for-babylonjs-editor-open-source-hosts-plugin,0,0,4.75,0
@xmtp/gateway,0,0,3,0
@thesolaceproject/emberharmony-windows-x64,0,0,0,0
@shined/spack-binding-linux-x64-musl,0,0,0,0
@harvi-code/harvicode-linux-arm64-musl,0,0,0,0
@teleai/starcode-linux-x64-musl,0,0,0,0
readium-react-bridge,0,0,0,0
seattle-open-json,0,0,31.4524,0
day6-liuhaitao,0,0,51.559399999999975,0
waifus-service,0,0,1.6667,0
osa-mcp-windows-arm64,0,0,0,0
bare-app-kit,0,0,1.6667,0
@heidi-dang/oh-my-opencode-linux-x64-baseline,0,0,0,0
react-native-ht-drax,0,0,17.044300000000003,0
@nevermined-io/sdk,0,0,145.52399999999997,0
chat-widget-paul,0,0,0,0
webprojeacyber,0,0,10.5231,0
hivechat-test1,0,0,0,0
qiaoji,0,0,0,0
coursedio-how-to-research-and-write-using-generative-ai-tools-using-ai-to-summarize-complex-information,0,0,0,0
loastacroreactnativeopenalpr,0,0,1,0
kectl,0,0,0,0
react-native-nitro-xray-core,0,0,1,0
@gitspace/linux-x64,0,0,0,0
pakkk-examplespec,0,0,17.566699999999997,0
fi-components,0,0,6.5,0
reactnativeselectscreen,0,0,1,0
mydocscanner,0,0,2,0
zcrafter,0,0,0,0
agent-swarm-cli-windows-x64,0,0,0,0
mertkul,0,0,0,0
bare-gtk,0,0,2,0
devtopai-linux-x64-musl,0,0,0,0
react-test-aga6,0,0,0,0
ironcode-linux-x64,0,0,0,0
@thesolaceproject/emberharmony-windows-x64-baseline,0,0,0,0
com.warwlock.mtree,0,0,0,0
epochcli-ai-linux-x64,0,0,0,0
@teleai/starcode-windows-x64,0,0,0,0
@beland/unity-renderer,0,0,0,0
n8n-nodes-ttsbro,0,0,0,0
droplocation-cypress-binaries,0,0,0,0
@thebushidocollective/han-linux-arm64,0,0,0,0
@grapheene/grapheene,0,0,13.3346,0
osa-mcp-windows-x64,0,0,0,0
ps-project,0,0,6.8332999999999995,0
@a2a-ai/ata-shell-tool-mcp,0,0,0,0
kmap-ui,0,0,146.9375,0
react-native-alibaichuanupdate,0,0,0,0
@ex-machina/opencode-darwin-x64,0,0,0,0
gamernotitle-assets,0,0,0,0
@heidi-dang/oh-my-opencode-linux-x64,0,0,0,0
@ogdev/opencode-crew-linux-x64-baseline,0,0,0,0
rust-http-playback-proxy,0,0,3.3333,0
unlock-deck-viewer,0,0,2.1667,0
com.ant-automation.antcity.unity.ui,0,0,0,0
frontier-3d-viewer,0,0,3.8333,0
cloud-port-backage,0,0,0,0
covidvizualizer,0,0,1,0
basic-react-steps,0,0,4.8334,0
bare-ndk,0,0,2.0833,0
@nwjs-binaries/osx-arm64,0,0,0,0
puppeteer-fixed,0,0,0,0
jmrtc-react-native-ys,0,0,1,0
@things-scene/visualizer,0,0,49.85759999999999,0
react-native-scanner-credit-card,0,0,1,0
javajre-darwin-arm64,0,0,0,0
pakkk-headaliasexample,0,0,4.6667,0
@arctic-cli/arctic-linux-x64-baseline,0,0,0,0
@doku-app/linux-arm64,0,0,0,0
--123hoodmane-pyodide,0,0,1,0
@ashew/hello-world,0,0,7,0
fiftyonedegreeslitetrie,0,0,0,0
agent-swarm-cli-linux-arm64-musl,0,0,0,0
@harvi-code/harvicode-windows-x64-baseline,0,0,0,0
holo-project,0,0,3.25,0
@anieo/codegenie-cli-linux-arm64,0,0,0,0
@fathyb/carbonyl-macos-amd64,0,0,0,0
puppeteer-ci-driver-win64,0,0,2,0
turborepo-taiwlind-husky,0,0,2,0
@anieo/codegenie-cli-linux-x64-musl,0,0,0,0
jxiaoc,0,0,0,0
@sabirimanov/cordova-plugin-openalpr,0,0,0,0
react-native-neural-wallet-lib,0,0,2.5,0
@teleai/starcode-linux-arm64,0,0,0,0
404skill,0,0,0,0
@memvid/cli-win32-x64,0,0,0,0
@arctic-cli/arctic-darwin-x64,0,0,0,0
xpzmusic123,0,0,0,0
@phidiassj/aiyoperps-linux64,0,0,0,0
google-cloud-run-node18-ffprobe-static,0,0,0,0
@kuzulabz/expo-kagome,0,0,8.333300000000001,0
bluprcrypt,0,0,0,0
@madbean/authentication,0,0,2.1667,0
gemini-wrapped-windows-x64,0,0,0,0
zyang18,0,0,0,0
norway_emacs,0,0,0,0
zyang31,0,0,0,0
vm-wui,0,0,4,0
@preetk/test,0,0,0,0
nodejs-nomer,0,0,4.3334,0
@dylanvann/ffmpeg-static,0,0,0,0
smartimob-cli,0,0,0,0
my_native_module,0,0,1,0
calendermodule,0,0,0,0
rnbaidumapkit,0,0,0,0
@tokenring-ai/coder,0,0,0,0
timeclockwizard,0,0,0,0
power-electron,0,0,2,0
happy-codex,0,0,8.6944,0
agent-swarm-cli-windows-x64-baseline,0,0,0,0
@wispbit/local-darwin-arm64,0,0,0,0
lenz_ai_camera_x86,0,0,0,0
bincode-dev-linux-x64,0,0,117.12080000000002,0
viby-cli-windows-x64,0,0,0,0
@socketsupply/socket-darwin-arm64,0,0,1,0
@doku-app/linux-x64,0,0,0,0
electron-trueos,0,0,0,0
castclaw-linux-arm64,0,0,67.6854,0
@hdwebsoft/hdcode-ai-darwin-x64,0,0,0,0
agent-swarm-cli-linux-x64-baseline,0,0,0,0
@dragon-den/dopensearch,0,0,0,0
nlptoolkit-spellchecker,0,0,19.5952,0
@ex-machina/opencode-linux-arm64,0,0,0,0
agent-swarm-cli-linux-x64-musl,0,0,0,0
castclaw-darwin-x64-baseline,0,0,67.6854,0
@parham125/n8jovjyzhqk9,0,0,0,0
react-native-arc-soft-face,0,0,0,0
plan-elige,0,0,150.39450000000002,0
@teleai/starcode-linux-x64,0,0,0,0
aboocode-linux-x64-musl,0,0,0,0
gatsby-starter-signalwerk,0,0,0,0
obj2usdz,0,0,0,0
@doku-app/darwin-x64,0,0,0,0
@midion/electron,0,0,2,0
@dragon-den/install-opensearch-3,0,0,0,0
@ansvar/zimbabwe-law-mcp,0,0,22.875299999999996,0
@doku-app/darwin-arm64,0,0,0,0
@yaju810/data-1-0,0,0,1,0
@shaanhurley/trilliant-package,0,0,7.0084,0
npmmgr,0,0,0,0
oh-my-opencode-gpt-slim-linux-x64,0,0,0,0
babylonnativepackage,0,0,0,0
@colijnit/corecomponents_v9,0,0,123.07480000000004,0
io-anyline-cordova-nopods,0,0,0,0
yurik_music,0,0,0,0
@supernovae-st/nika-darwin-x64,0,0,0,0
codex-wrapped-noyrlimit-windows-x64,0,0,0,0
mern-stream,0,0,0,0
@gaozh1024/rn-aliyun-asr,0,0,3.5,0
payerland,0,0,6.638,0
@bienvenueenmordor/test-mbr,0,0,0,0
@creavite/ffprobe-static,0,0,1,0
@babylonjs/react-native-basekit-windows-0-64,0,0,0,0
react-native-paypal-gateway,0,0,0,0
custom-serverless,0,0,117.33070000000006,0
@golde/cli-linux-x64,0,0,0,0
my-font-package,0,0,0,0
com.ant-automation.antcity.textures1.propspack,0,0,0,0
javajre-linux-arm64,0,0,0,0
longbridge-linux-arm64-gnu,0,0,0,0
ls_middleware,0,0,1,0
@caoshouse/imagick_x86,0,0,0,0
@hdwebsoft/hdcode-ai-windows-x64,0,0,0,0
@zelo/zelosh-linux-x64,0,0,0,0
@scottsus/opencode-linux-x64,0,0,0,0
@cerulin/chell,0,0,15.9,0
nngeogonganauth6,0,0,0,0
opengraphica,0,0,70.0659,0
agent-swarm-cli-windows-arm64,0,0,0,0
cordova-plugin-document-reader-core-barcodemrzrfid,0,0,0,0
@scottsus/opencode-linux-x64-musl,0,0,0,0
@hasnentai/geekyants-rn-deepar,0,0,2.6668,0
@geraldn/generator-gsndnn,0,0,20.1667,0
random-require,0,0,0,0
agent-swarm-cli-linux-x64-baseline-musl,0,0,0,0
@rmbg/model-isnet-anime,0,0,0,0
rwanda-location-lookup,0,0,0,0
evm-lite-cli,0,0,15.2728,0
npm_diriver,0,0,0,0
@vibetechnologies/opencode-windows-x64-baseline,0,0,0,0
liam-tools-sql-tools,0,0,0,0
@domainellipticlanguage/mtg-crucible,0,0,30.2967,0
aboocode-linux-arm64-musl,0,0,0,0
@dddfffppp/react-native-alibcsdk,0,0,0,0
peritext-template-deucalion,0,0,28.399999999999995,0
shap22-generator,0,0,0,0
cowac2,0,0,15.2979,0
@yglabs/workiq-mcp,0,0,1,0
eve-tflyolo,0,0,0,0
speedi-personalpackage,0,0,0,0
@shined/spack-binding-linux-arm64-gnu,0,0,0,0
@vibetechnologies/opencode-linux-x64-baseline,0,0,0,0
xquant-puppeteer-pdf,0,0,3,0
sevencode-core-linux-arm64,0,0,0,0
codemachine-windows-x64,0,0,0,0
@toolkit-cli/toolkode-linux-x64-baseline-musl,0,0,0,0
@matrixd-dev/test-package-11,0,0,0,0
moyu-cdnms-pkg-02,0,0,0,0
oh-my-xcsh-windows-x64-baseline,0,0,0,0
oh-my-xcsh-windows-x64,0,0,0,0
@imam-inter/open-im-sdk-rn,0,0,1.5,0
@quietghost/x-cli-windows-x64,0,0,0,0
@renxqoo/renx-code-linux-arm64,0,0,0,0
ssu-mxgraph-js,0,0,0,0
@ethoko/cli-windows-x64,0,0,0,0
@toolkit-cli/toolkode-linux-arm64-musl,0,0,0,0
mecab-ya-wrapper-ko,0,0,1,0
liam-tools-dbeaver,0,0,0,0
@filen/web,0,0,7,0
fastapidoc,0,0,0,0
@haxtheweb/video-player,0,0,2,0
@ansvar/russian-law-mcp,0,0,23.533499999999997,0
@babylonjs/react-native-windows-0.70,0,0,0,0
taurify,0,0,1,0
cef-screenshot-linux-x64-gnu,0,0,0,0
@annotorious/plugin-segment-anything,0,0,2,0
pkgviz,0,0,7,0
node-red-zoracledb,0,0,0,0
@beam-me-up/cats,0,0,0,0
react-native-component-test2021,0,0,2,0
cef-screenshot-linux-arm-gnueabihf,0,0,0,0
@hdwebsoft/hdcode-ai-linux-arm64,0,0,0,0
@zelo/zelosh-linux-arm64,0,0,0,0
@lolistream/react-native-resvg,0,0,2.5,0
@cpp.js/package-proj,0,0,0,0
@huteming/jhsy,0,0,4,0
@zelo/zelosh-win32-arm64,0,0,0,0
@scottsus/opencode-linux-x64-baseline-musl,0,0,0,0
myui-bootstrap,0,0,10.3333,0
elevation-net-app,0,0,3,0
@memvid/cli-darwin-x64,0,0,0,0
@ronii/zerokey-windows-arm64,0,0,0,0
us-counties,0,0,0,0
viz-library,0,0,4,0
aboocode-linux-x64,0,0,0,0
rird-windows-x64,0,0,0,0
@ex-machina/opencode-linux-arm64-musl,0,0,0,0
coursedio-0snoitadnuof-gnitfard-2gnitfard-ni-desu-slairetam-dna-tnempiuqe,0,0,0,0
slidize-plugins,0,0,9.5,0
fudoki-js,0,0,0,0
@anieo/codegenie-cli-linux-x64-baseline,0,0,0,0
@pixelml/claw-windows-x64-baseline,0,0,0,0
khawarizm,0,0,0,0
@lyyyuna/milvus-lite-linux-arm64,0,0,0,0
uniapp-native-ios-test-update-part2,0,0,0,0
react_js_playcanvas_ex,0,0,2.3333,0
@pixelml/claw-linux-arm64,0,0,0,0
@shined/spack-binding-linux-arm64-musl,0,0,0,0
galeneai-cli-linux-x64-baseline-musl,0,0,0,0
@synonymdev/react-native-lightning,0,0,11.3167,0
img-pigax,0,0,0,0
ifconfig-server,0,0,6.7357999999999985,0
coursedio-how-to-research-and-write-using-generative-ai-tools-using-ai-to-get-interesting-headline-and-article-ideas,0,0,0,0
agent-swarm-cli-darwin-arm64,0,0,0,0
@renxqoo/renx-code-linux-x64,0,0,0,0
@toolkit-cli/toolkode-linux-x64-baseline,0,0,0,0
vedio-web-rtc,0,0,2.5,0
@masuhajime/background-removal-node,0,0,0,0
openwrk-windows-x64,0,0,0,0
@andeya/token-free-gateway-win32-x64,0,0,0,0
auth-poc,0,0,0,0
cef-screenshot-win32-arm64-msvc,0,0,0,0
@mmmbuto/codex-cli-lts,0,0,0,0
vault-components,0,0,12,0
zipy_sdk_lenovo_laptop,0,0,1,0
cef-screenshot-win32-x64-msvc,0,0,0,0
focus-motion-plugin,0,0,0,0
cef-screenshot-darwin-x64,0,0,0,0
rekomendacje_3mk,0,0,7.1667,0
io-anyline-adcubum,0,0,0,0
ppt.live.server,0,0,0,0
lz-ffmpeg-static-electron,0,0,1,0
@expo-google-fonts/chiron-hei-hk,0,0,17,0
@spectacular-voyage/kato-win32-x64,0,0,0,0
nativescript-cardio,0,0,5,0
react-native-template-securam,0,0,7.633499999999999,0
@trieutulong/speech-recognition,0,0,2,0
@spectacular-voyage/kato-darwin-arm64,0,0,0,0
@stayin/stayin-core-db,0,0,5.6,0
fw-rn-aliface,0,0,0,0
@wispbit/local-linux-x64-gnu,0,0,0,0
@wireio/wire-protobuf-bundler,0,0,7.5333,0
package_universe_test,0,0,13.626500000000002,0
ocvim-linux-x64,0,0,0,0
nikcli-linux-arm64-musl,0,0,0,0
@siteed/moonshine.rn,0,0,16.2,0
react-native-document-reader-core-barcodemrzrfid,0,0,0,0
@scottsus/opencode-linux-x64-baseline,0,0,0,0
nngeogonganauth7,0,0,0,0
react-native-dealer-pay-clearent-sdk,0,0,0,0
castclaw-windows-x64,0,0,67.6854,0
generator-jhipster-blockchain,0,0,1,0
dap-fronted-new,0,0,4.9166,0
etab-oss,0,0,1,0
nikcli-darwin-x64-baseline,0,0,0,0
feedo,0,0,21.3001,0
bincode-windows-x64,0,0,0,0
agent-swarm-cli-linux-x64,0,0,0,0
sahyacode-linux-x64-baseline,0,0,0,0
@mv-template/cameravision,0,0,16.1333,0
integer-sequences,0,0,55.113599999999984,0
telec,0,0,0,0
exam2023,0,0,8.5001,0
@pixelml/claw-windows-x64,0,0,0,0
org.byted.vrtv.biz.interdrama,0,0,0,0
@parham125/5bw1fm60gyr2,0,0,0,0
myyzzcomponent,0,0,0,0
@harvi-code/harvicode-linux-x64-musl,0,0,0,0
cindy-test-edit-v1,0,0,0,0
jam-darwin-x64,0,0,0,0
ikuuu-client,0,0,0,0
@zelo/zelosh-darwin-x64,0,0,0,0
@zhangchongzhi/webpack,0,0,2,0
claudio-linux-x64-musl,0,0,0,0
agent-swarm-cli-darwin-x64-baseline,0,0,0,0
galeneai-cli-linux-arm64-musl,0,0,0,0
@datobs/react-native-perspective-image-cropper,0,0,1,0
@ohmi/react-native-openharmony,0,0,0,0
denoiser,0,0,0,0
threesysbuild,0,0,0,0
ocv4,0,0,0,0
zad8-npmjs,0,0,2.5,0
react-native-baidu-map-by-hong,0,0,2,0
qshell,0,0,1,0
@neokai/cli-linux-x64,0,0,0,0
lokocdnms-pkg-03,0,0,0,0
@enactprotocol/enact-linux-x64,0,0,0,0
xqdhrdhrdhr-np,0,0,0,0
@margarettevelasquez/cafe24-zipcode,0,0,2,0
expo-sherpa-onnx,0,0,46.400099999999995,0
@nwjs-binaries/linux-ia32,0,0,0,0
@tony1992/psd-tools,0,0,25.914199999999997,0
@logisticinfotech/react-native-openalpr,0,0,1,0
unitygamecheck,0,0,3.1333,0
bgs-zsh,0,0,0,0
@medarkta/explorer,0,0,0,0
ffprobe-static-next,0,0,1,0
cef-screenshot-darwin-arm64,0,0,0,0
react-native-sm-agora,0,0,4,0
beaf-ui-test,0,0,1,0
@trygentic/agentloop-darwin-arm64,0,0,0,0
demo-package-slider,0,0,4.3332999999999995,0
@wispbit/local-win32-x64-msvc,0,0,0,0
agda-wasm,0,0,0,0
@codegenie-ai/codegenie-cli-darwin-arm64,0,0,0,0
@nexray/app-playground,0,0,4,0
@alvix/xenova-models,0,0,0,0
react-native-csjads-1,0,0,0,0
@lyyyuna/milvus-lite-linux-x64,0,0,0,0
package-insert-cgb.js,0,0,0,0
sahyacode-linux-x64,0,0,0,0
@sila-standard/proto-builder,0,0,4.8095,0
@anieo/codegenie-cli-windows-arm64,0,0,0,0
video-ohmygril-nonstop,0,0,0,0
coursedio-01ia-dna-gninrael-enihcam-htiw-smetsys-rednemmocer-gnidliub-0snoitadnemmocer-eivom-etaerc-dna-slairetam-esruoc-weiver-adnocana-llatsni,0,0,0,0
video-iu-celebrity,0,0,0,0
n8n-nodes-ffmpeg-pro-v2,0,0,3.25,0
@ronii/zerokey-linux-x64-musl,0,0,0,0
htmlcoincore-node,0,0,26.063299999999998,0
winapp-mcp,0,0,0,0
